,,,,Salary,Salary,Salary,Salary,Salary,Salary,Salary,Salary,Salary,Salary,Salary,,
Rk,Player,Player Name,Tm,2015-2016,2016-2017,2017-2018,2018-2019,2019-2020,2020-21,2021-22,2022-23,2023-24,2024-25,2025-26,Signed Using,Guaranteed
1,Stephen Curry\curryst01,Stephen Curry,GSW,"$11,370,786","$12,112,359","$37,457,154","$37,457,154","$40,231,758","$43,006,362","$45,780,966",,,,,Bird Rights,"$88,787,328"
2,Russell Westbrook\westbru01,Russell Westbrook,WAS,"$16,744,218","$26,540,100","$28,530,608","$35,654,150","$38,506,482","$41,358,814","$44,211,146","$47,063,478",,,,Bird Rights,"$85,569,960"
3,Chris Paul\paulch01,Chris Paul,PHO,"$21,468,695","$22,868,827","$24,599,495","$35,654,150","$38,506,482","$41,358,814","$44,211,146",,,,,Bird Rights,"$41,358,814"
4,John Wall\walljo01,John Wall,HOU,"$15,851,950","$16,957,900","$19,169,800","$19,169,800","$38,199,000","$41,254,920","$44,310,840","$47,366,760",,,,Bird Rights,"$85,565,760"
5,James Harden\hardeja01,James Harden,BRK,"$15,756,438","$26,540,100","$28,299,399","$30,421,854","$38,199,000","$40,824,000","$43,848,000","$46,872,000",,,,Bird Rights,"$84,672,000"
6,LeBron James\jamesle01,LeBron James,LAL,"$22,970,500","$30,963,450",#N/A,"$35,654,150","$37,436,858","$39,219,565","$41,180,544","$44,474,988",,,,Cap Space,"$124,875,097"
7,Kevin Durant\duranke01,Kevin Durant,BRK,"$20,158,622","$26,540,100",#N/A,"$30,000,000","$38,199,000","$39,058,950","$40,918,900","$42,778,850",,,,Sign and Trade,"$79,977,850"
8,Blake Griffin\griffbl01,Blake Griffin,DET,"$18,907,726","$20,140,839","$32,088,932","$32,088,932","$34,449,964","$36,595,996","$38,957,028",,,,,Bird Rights,"$36,595,996"
9,Paul George\georgpa01,Paul George,LAC,"$17,120,106","$18,314,532","$19,508,958","$30,560,700","$30,560,700","$35,450,412","$39,344,970","$42,492,568","$45,640,165","$48,787,763",,Maximum Salary,"$162,928,115"
10,Klay Thompson\thompkl01,Klay Thompson,GSW,"$15,501,000","$16,663,575","$17,826,150","$18,988,725","$32,742,000","$35,361,360","$37,980,720","$40,600,080","$43,219,440",,,Bird Rights,"$157,161,600"
11,Mike Conley\conlemi01,Mike Conley,UTA,"$9,588,426","$26,540,100","$28,530,608","$30,521,115","$32,511,624","$34,504,132",,,,,,Cap Space,"$34,504,132"
12,Jimmy Butler\butleji01,Jimmy Butler,MIA,"$16,407,500","$17,552,209","$19,301,070","$20,445,779","$32,742,000","$34,379,100","$36,016,200","$37,653,300",,,,Sign and Trade,"$70,395,300"
13,Kemba Walker\walkeke02,Kemba Walker,BOS,"$12,000,000","$12,000,000","$12,000,000","$12,000,000","$32,742,000","$34,379,100","$36,016,200","$37,653,300",,,,Sign and Trade,"$70,395,300"
14,Kawhi Leonard\leonaka01,Kawhi Leonard,LAC,"$16,407,500","$17,638,063","$18,868,626","$23,114,067","$32,742,000","$34,379,100","$36,016,200",,,,,Cap Space,"$34,379,100"
15,Tobias Harris\harrito02,Tobias Harris,PHI,"$16,000,000","$17,200,000","$16,000,000","$14,800,000","$32,742,000","$33,517,241","$36,000,000","$38,482,759","$40,965,517",,,Bird Rights,"$148,965,517"
16,Kyrie Irving\irvinky01,Kyrie Irving,BRK,"$16,407,501","$17,638,063","$18,868,626","$20,099,189","$31,742,000","$33,329,100","$34,916,200","$36,503,300",,,,Cap space,"$104,748,600"
17,Khris Middleton\middlkh01,Khris Middleton,MIL,"$14,700,000","$15,200,000","$1,300,000","$13,000,000","$30,603,448","$33,051,724","$35,500,000","$37,948,276","$40,396,552",,,Bird Rights,"$106,500,000"
18,Anthony Davis\davisan02,Anthony Davis,LAL,"$7,070,730","$22,116,750","$23,775,506","$25,434,263","$27,093,018","$32,742,000","$35,361,360","$37,980,720","$40,600,080","$43,219,440",,Bird,"$146,684,160"
19,Damian Lillard\lillada01,Damian Lillard,POR,"$4,236,287","$24,328,425","$26,153,057","$27,977,689","$29,802,321","$31,626,953","$43,750,000","$47,250,000","$50,750,000","$54,250,000",,1st Round Pick,"$227,626,953"
20,Kevin Love\loveke01,Kevin Love,CLE,"$19,689,000","$21,165,675","$24,119,025","$24,119,025","$28,942,830","$31,300,000","$31,300,000","$28,900,000",,,,Bird Rights,"$91,500,000"
21,Kyle Lowry\lowryky01,Kyle Lowry,TOR,"$12,000,000","$12,000,000","$31,200,000","$31,200,000","$34,996,296","$30,000,000",,,,,,Bird Rights,"$30,000,000"
22,Joel Embiid\embiijo01,Joel Embiid,PHI,"$4,626,960","$4,826,160","$25,250,000","$25,467,250","$27,504,630","$29,542,010","$31,579,390","$33,616,770",,,,1st Round Pick,"$94,738,170"
23,Andrew Wiggins\wiggian01,Andrew Wiggins,GSW,"$5,758,680","$6,006,600","$7,574,323","$25,467,250","$27,504,630","$29,542,010","$31,579,390","$33,616,770",,,,1st Round Pick,"$94,738,170"
24,Kristaps Porziņģis\porzikr01,Kristaps Porzingis,DAL,#N/A,#N/A,#N/A,#N/A,#N/A,"$29,467,800","$31,650,600","$33,833,400","$36,016,200",,,Bird Rights,"$94,951,800"
25,Devin Booker\bookede01,Devin Booker,PHO,"$2,127,840","$2,223,600","$2,319,360","$3,314,365","$27,285,000","$29,430,000","$31,610,000","$33,790,000","$35,970,000",,,1st round pick,"$130,800,000"
26,Karl-Anthony Towns\townska01,Karl-Anthony Towns,MIN,"$5,703,600","$5,960,160","$6,216,840","$7,839,435","$27,285,000","$29,430,000","$31,610,000","$33,790,000","$35,970,000",,,1st Round Pick,"$128,620,000"
27,CJ McCollum\mccolcj01,CJ McCollum,POR,"$2,525,160","$3,219,579","$23,962,573","$25,759,766","$27,556,959","$29,354,152","$30,864,198","$33,333,333","$35,802,469",,,1st Round Pick,"$129,354,152"
28,Ben Simmons\simmobe01,Ben Simmons,PHI,#N/A,"$5,903,160","$6,434,520","$6,434,520","$8,113,930","$29,250,000","$31,590,000","$33,930,000","$36,270,000","$38,610,000",,1st Round pick,"$169,650,000"
29,Jamal Murray\murraja01,Jamal Murray,DEN,#N/A,"$3,210,840","$3,355,320","$3,499,800","$4,444,746","$29,250,000","$31,590,000","$33,930,000","$36,270,000","$38,610,000",,1st Round pick,"$169,650,000"
30,Pascal Siakam\siakapa01,Pascal Siakam,TOR,#N/A,"$1,196,040","$1,544,951","$1,544,951","$2,351,839","$29,000,000","$31,320,000","$33,640,000","$35,960,000",,,1st Round pick,"$129,920,000"
31,Bradley Beal\bealbr01,Bradley Beal,WAS,"$5,694,674","$22,116,750","$25,434,263","$25,434,263","$27,093,019","$28,751,775","$34,502,130","$37,262,300",,,,Cap Space,"$63,253,905"
32,Andre Drummond\drumman01,Andre Drummond,CLE,"$3,272,091","$22,116,750","$25,434,263","$25,434,263","$27,093,019","$28,751,775",,,,,,Cap Space,"$28,751,775"
33,D'Angelo Russell\russeda01,D'Angelo Russell,MIN,"$5,103,120","$5,332,800","$7,019,698","$7,019,698","$27,285,000","$28,649,250","$30,013,500","$31,377,750",,,,Sign and Trade,"$90,040,500"
34,Nikola Jokić\jokicni01,Nikola Jokic,DEN,#N/A,#N/A,#N/A,#N/A,#N/A,"$28,542,009","$30,510,423","$32,478,837",,,,Bird Rights,"$91,531,269"
35,Gordon Hayward\haywago01,Gordon Hayward,CHO,"$15,409,570","$16,073,140","$29,727,900","$31,214,295","$32,700,690","$28,500,000","$29,900,000","$30,100,000","$31,500,000",,,Sign and Trade,"$120,000,000"
36,Otto Porter\porteot01,Otto Porter,CHI,#N/A,#N/A,#N/A,#N/A,#N/A,"$28,489,239",,,,,,Bird Rights,"$28,489,239"
37,DeMar DeRozan\derozde01,DeMar DeRozan,SAS,"$10,050,000","$26,540,100","$27,739,975","$27,739,975","$27,739,975","$27,739,975",,,,,,Cap Space,"$27,739,975"
38,Giannis Antetokounmpo\antetgi01,Giannis Antetokounmpo,MIL,"$1,953,960","$2,995,421","$24,157,303","$24,157,303","$25,842,697","$27,528,090","$39,344,970","$42,492,568","$45,640,165","$48,787,763","$51,935,360",1st Round Pick,"$203,793,556"
39,Steven Adams\adamsst01,Steven Adams,NOP,"$2,279,040","$3,140,517","$22,471,910","$24,157,303","$25,842,697","$27,528,090","$17,073,171","$17,926,829",,,,1st Round Pick,"$62,528,090"
40,Al Horford\horfoal01,Al Horford,OKC,"$12,000,000","$26,540,100","$27,734,406","$28,928,709","$28,000,000","$27,500,000","$27,000,000","$26,500,000",,,,Cap Space,"$69,000,000"
41,Brandon Ingram\ingrabr01,Brandon Ingram,NOP,#N/A,"$5,281,680","$5,519,400","$5,757,120","$7,265,485","$27,285,000","$29,467,800","$31,650,600","$33,833,400","$36,016,200",,Bird,"$158,253,000"
42,Nicolas Batum\batumni01,Nicolas Batum,CHO,"$13,125,306","$20,869,566","$24,000,000","$24,000,000","$25,565,217","$29,695,187",,,,,,,"$27,130,434"
43,Rudy Gobert\goberru01,Rudy Gobert,UTA,"$1,175,880","$2,121,288","$21,924,719","$23,241,573","$23,241,573","$26,525,281","$35,344,828","$38,172,414","$41,000,000","$43,827,587","$46,655,173",1st Round Pick,"$184,870,110"
44,Jrue Holiday\holidjr01,Jrue Holiday,MIL,"$10,595,507","$11,286,518","$25,686,667","$25,976,111","$26,231,111","$26,131,111","$27,020,000",,,,,Bird Rights,"$26,131,111"
45,Nikola Vučević\vucevni01,Nikola Vucevic,ORL,#N/A,#N/A,#N/A,#N/A,#N/A,"$26,000,000","$24,000,000","$22,000,000",,,,Bird Rights,"$72,000,000"
46,Buddy Hield\hieldbu01,Buddy Hield,SAC,#N/A,"$3,517,200","$3,675,480","$3,844,760","$4,861,208","$24,431,818","$22,477,273","$20,522,727","$18,568,182",,,1st Round pick,"$86,000,000"
47,LaMarcus Aldridge\aldrila01,LaMarcus Aldridge,SAS,"$19,689,000","$20,575,005","$21,461,010","$22,347,015","$26,000,000","$24,000,000",,,,,,Cap Space,"$24,000,000"
48,Jaylen Brown\brownja02,Jaylen Brown,BOS,#N/A,"$4,743,000","$4,956,480","$5,169,960","$6,534,829","$22,991,071","$24,830,357","$26,669,643","$28,508,929",,,1st Round pick,"$103,000,000"
49,Draymond Green\greendr01,Draymond Green,GSW,"$14,260,870","$15,330,435","$17,469,565","$17,469,565","$18,539,130","$22,246,956","$24,026,712","$25,806,469","$27,586,225",,,Bird Rights,"$72,080,137"
50,Harrison Barnes\barneha02,Harrison Barnes,SAC,"$3,873,398","$22,116,750","$23,112,004","$24,107,258","$24,147,727","$22,215,909","$20,284,091","$18,352,273",,,,Bird Rights,"$60,852,273"
51,Fred VanVleet\vanvlfr01,Fred VanVleet,TOR,#N/A,"$543,471",#N/A,"$8,653,847","$9,346,153","$21,250,000","$19,675,926","$21,250,000","$22,824,074",,,Bird,"$62,175,926"
52,Victor Oladipo\oladivi01,Victor Oladipo,HOU,"$5,192,520","$6,552,961","$21,000,000","$21,000,000","$21,000,000","$21,000,000",,,,,,1st Round Pick,"$21,000,000"
53,Malcolm Brogdon\brogdma01,Malcolm Brogdon,IND,#N/A,"$925,000","$1,544,951","$1,544,951","$20,000,000","$20,700,000","$21,700,000","$22,600,000",,,,Sign and Trade,"$65,000,000"
54,Danilo Gallinari\gallida01,Danilo Gallinari,ATL,"$14,000,000","$15,050,000","$20,559,599","$21,587,579","$22,615,559","$19,500,000","$20,475,000","$21,450,000",,,,Sign and Trade,"$44,975,000"
55,Zach LaVine\lavinza01,Zach LaVine,CHI,"$2,148,360","$2,240,880",#N/A,"$19,500,000","$19,500,000","$19,500,000","$19,500,000",,,,,Cap space,"$39,000,000"
56,Gary Harris\harriga01,Gary Harris,DEN,"$1,584,480","$1,655,880","$2,550,055","$16,517,857","$17,839,286","$19,160,714","$20,482,143",,,,,1st Round Pick,"$39,642,857"
57,Jerami Grant\grantje01,Jerami Grant,DET,"$845,059","$980,431","$1,524,305","$8,653,847","$9,346,153","$19,047,619","$20,000,000","$20,952,381",,,,Sign and Trade,"$60,000,000"
58,Tim Hardaway Jr.\hardati02,Tim Hardaway Jr.,DAL,"$1,304,520","$2,281,605","$17,325,000","$19,200,127","$20,025,127","$18,975,000",,,,,,Cap space,"$18,975,000"
59,Terry Rozier\roziete01,Terry Rozier,CHO,"$1,824,360","$1,906,440","$1,988,520","$3,050,390","$19,894,737","$18,900,000","$17,905,263",,,,,Sign and Trade,"$36,805,263"
60,Julius Randle\randlju01,Julius Randle,NYK,"$3,132,240","$3,267,120","$4,149,242","$8,641,000","$18,000,000","$18,900,000","$19,800,000",,,,,Cap Space,"$22,900,000"
61,Aaron Gordon\gordoaa01,Aaron Gordon,ORL,"$4,171,680","$4,351,320",#N/A,"$21,590,909","$19,863,636","$18,136,364","$16,409,091",,,,,Bird Rights,"$34,545,455"
62,Myles Turner\turnemy01,Myles Turner,IND,"$2,357,760","$2,463,840","$3,410,284","$3,410,284","$18,000,000","$18,000,000","$18,000,000","$18,000,000",,,,1st Round pick,"$54,000,000"
63,Bogdan Bogdanović\bogdabo01,Bogdan Bogdanovic,ATL,#N/A,#N/A,#N/A,#N/A,#N/A,"$18,000,000","$18,000,000","$18,000,000","$18,000,000",,,Cap Space,"$54,000,000"
64,Goran Dragić\dragigo01,Goran Dragic,MIA,#N/A,#N/A,#N/A,#N/A,#N/A,"$18,000,000","$19,440,000",,,,,Bird,"$18,000,000"
65,Bojan Bogdanović\bogdabo02,Bojan Bogdanovic,UTA,#N/A,#N/A,#N/A,#N/A,#N/A,"$17,850,000","$18,700,000","$19,550,000",,,,Cap Space,"$56,100,000"
66,Gorgui Dieng\dienggo01,Gorgui Dieng,MEM,"$1,474,440","$2,348,783","$14,112,360","$15,170,787","$16,229,213","$17,287,640",,,,,,1st Round Pick,"$17,287,640"
67,Domantas Sabonis\sabondo01,Domantas Sabonis,IND,#N/A,"$2,440,200","$2,659,800","$2,659,800","$3,529,555","$17,187,500","$18,562,500","$19,937,500","$21,312,500",,,1st Round pick,"$77,000,000"
68,Ricky Rubio\rubiori01,Ricky Rubio,MIN,"$12,700,000","$13,550,000","$14,275,000","$14,975,000","$16,200,000","$17,000,000","$17,809,524",,,,,Cap Space,"$34,809,524"
69,Evan Fournier\fournev01,Evan Fournier,ORL,"$2,288,205","$17,000,000","$17,000,000","$17,150,000","$17,150,000","$17,000,000",,,,,,Cap Space,"$17,000,000"
70,Eric Bledsoe\bledser01,Eric Bledsoe,NOP,"$13,500,000","$14,000,000","$15,000,000","$15,000,000","$15,625,000","$16,875,000","$18,125,000","$19,375,000",,,,Bird Rights,"$38,900,000"
71,Eric Gordon\gordoer01,Eric Gordon,HOU,"$15,514,031","$12,385,364","$12,943,020","$13,500,375","$14,057,730","$16,869,276","$18,218,818","$19,568,360","$20,917,902",,,Cap Space,"$54,656,454"
72,Caris LeVert\leverca01,Caris LeVert,IND,#N/A,"$1,562,280","$1,702,800","$1,702,800","$2,625,718","$16,203,704","$17,500,000","$18,796,296",,,,1st Round pick,"$52,500,000"
73,Joe Harris\harrijo01,Joe Harris,BRK,"$845,059","$980,431",#N/A,"$8,333,333","$7,666,667","$16,071,429","$17,357,143","$18,642,857","$19,928,571",,,Bird,"$72,000,000"
74,James Johnson\johnsja01,James Johnson,DAL,"$2,500,000","$4,000,000","$14,651,700","$14,651,700","$15,349,400","$16,047,100",,,,,,Cap space,"$16,047,100"
75,Clint Capela\capelca01,Clint Capela,ATL,"$1,242,720","$1,296,240","$2,334,528","$13,793,104","$14,896,552","$16,000,000","$17,103,448","$18,206,897",,,,Bird Rights,"$51,310,345"
76,Dennis Schröder\schrode01,Dennis Schroder,LAL,#N/A,#N/A,#N/A,#N/A,#N/A,"$15,500,000",,,,,,1st Round Pick,"$15,500,000"
77,Cody Zeller\zelleco01,Cody Zeller,CHO,"$4,204,200","$5,318,313","$13,528,090","$13,528,090","$14,471,910","$15,415,730",,,,,,1st Round Pick,"$15,415,730"
78,Danny Green\greenda02,Danny Green,PHI,"$10,000,000","$10,000,000","$10,000,000","$10,000,000","$14,634,146","$15,365,854",,,,,,Cap Space,"$15,365,854"
79,Dāvis Bertāns\bertada01,Davis Bertans,WAS,#N/A,#N/A,#N/A,#N/A,#N/A,"$15,000,000","$16,000,000","$16,000,000","$17,000,000","$16,000,000",,Bird,"$75,000,000"
80,Jonas Valančiūnas\valanjo01,Jonas Valanciunas,MEM,#N/A,#N/A,#N/A,#N/A,#N/A,"$15,000,000","$14,000,000",,,,,Bird Rights,"$29,000,000"
81,Andre Iguodala\iguodan01,Andre Iguodala,MIA,"$11,710,456","$11,131,368","$14,814,815","$16,000,000","$17,185,185","$15,000,000","$15,000,000",,,,,Bird Rights,"$15,000,000"
82,Marcus Morris\morrima03,Marcus Morris,LAC,#N/A,#N/A,#N/A,#N/A,#N/A,"$14,883,721","$15,627,907","$16,372,093","$17,116,279",,,Non Bird,"$64,000,000"
83,Kelly Oubre Jr.\oubreke01,Kelly Oubre Jr.,GSW,"$1,920,240","$2,006,640","$3,208,630","$3,208,630","$15,625,000","$14,375,000",,,,,,Bird Rights,"$14,375,000"
84,Dejounte Murray\murrade01,Dejounte Murray,SAS,#N/A,"$1,180,080","$1,312,611","$1,544,951","$2,321,735","$14,285,714","$15,428,571","$16,571,429","$17,714,286",,,1st Round pick,"$64,000,000"
85,Rudy Gay\gayru01,Rudy Gay,SAS,"$12,403,101","$13,333,333","$8,406,000","$10,087,200","$14,500,000","$14,000,000",,,,,,Early Bird Rights,"$14,000,000"
86,Taurean Prince\princta02,Taurean Prince,CLE,#N/A,"$2,318,280","$2,526,840","$2,526,840","$3,481,986","$13,942,308","$15,057,692",,,,,1st Round pick,"$29,000,000"
87,Will Barton\bartowi01,Will Barton,DEN,"$3,533,333","$3,533,333","$3,533,333","$11,830,358","$12,776,786","$13,920,000","$14,880,000",,,,,Bird Rights,"$13,920,000"
88,Thaddeus Young\youngth01,Thaddeus Young,CHI,"$11,235,955","$14,153,652","$13,964,045","$13,964,045","$12,900,000","$13,545,000","$14,190,000",,,,,Cap space,"$19,545,000"
89,Terrence Ross\rosste01,Terrence Ross,ORL,"$3,553,917","$10,000,000","$10,500,000","$10,500,000","$12,500,000","$13,500,000","$12,500,000","$11,500,000",,,,Bird Rights,"$37,500,000"
90,Marcus Smart\smartma01,Marcus Smart,BOS,"$3,431,040","$3,578,880",#N/A,"$11,660,716","$12,553,571","$13,446,428","$14,339,285",,,,,Bird Rights,"$27,785,713"
91,Patrick Beverley\beverpa01,Patrick Beverley,LAC,"$6,486,486","$6,000,000","$5,513,514","$5,027,028","$12,345,680","$13,333,333","$14,320,988",,,,,Bird Rights,"$27,654,321"
92,Malik Beasley\beaslma01,Malik Beasley,MIN,#N/A,"$1,627,320","$1,700,640","$1,773,840","$2,731,714","$13,325,895","$14,391,964","$15,458,035","$16,524,106",,,Bird,"$43,175,894"
93,Patty Mills\millspa02,Patty Mills,SAS,"$3,578,947","$3,578,948","$10,714,286","$11,571,429","$12,428,571","$13,285,714",,,,,,Bird Rights,"$13,285,714"
94,Christian Wood\woodch01,Christian Wood,HOU,"$525,093","$874,636","$874,636","$1,512,601","$1,645,357","$13,015,874","$13,666,667","$14,317,459",,,,Sign and Trade,"$41,000,000"
95,J.J. Redick\redicjj01,J.J. Redick,NOP,#N/A,#N/A,#N/A,#N/A,#N/A,"$13,013,700",,,,,,Cap Space,"$13,013,700"
96,Justise Winslow\winslju01,Justise Winslow,MEM,"$2,481,720","$2,593,440","$3,448,926","$3,448,926","$13,000,000","$13,000,000","$13,000,000",,,,,1st Round Pick,"$13,000,000"
97,Trevor Ariza\arizatr01,Trevor Ariza,OKC,"$8,193,030","$7,806,971","$7,420,912","$15,000,000","$12,195,122","$12,800,000",,,,,,Cap Space,"$1,800,000"
98,Brook Lopez\lopezbr01,Brook Lopez,MIL,"$19,689,000","$21,165,675","$22,642,650","$3,382,000","$12,093,023","$12,697,675","$13,302,325","$13,906,976",,,,Cap Space,"$39,906,976"
99,Dion Waiters\waitedi01,Dion Waiters,MEM,"$5,138,430","$2,898,000","$11,550,000","$11,550,000","$375,385","$12,650,000",,,,,,,"$12,650,000"
100,Cory Joseph\josepco01,Cory Joseph,SAC,"$7,000,000","$7,315,000","$7,945,000","$7,945,000","$12,000,000","$12,600,000","$12,600,000",,,,,Cap Space,"$12,600,000"
101,Markelle Fultz\fultzma01,Markelle Fultz,ORL,#N/A,#N/A,"$8,339,880","$8,339,880","$9,745,200","$12,288,697","$16,500,000","$16,500,000","$17,000,000",,,1st Round Pick,"$47,288,697"
102,Kelly Olynyk\olynyke01,Kelly Olynyk,MIA,"$2,165,160","$3,094,014","$12,537,527","$12,537,527","$12,667,885","$12,198,243",,,,,,Cap space,"$12,198,243"
103,Tony Snell\snellto01,Tony Snell,ATL,"$1,535,880","$2,368,327","$10,607,143","$10,807,143","$11,392,857","$12,178,571",,,,,,Cap space,"$12,178,571"
104,Robert Covington\covinro01,Robert Covington,POR,"$1,000,000","$1,015,696","$10,464,092","$10,464,092","$11,301,219","$12,138,345","$12,975,471",,,,,Cap Space,"$25,113,816"
105,Kentavious Caldwell-Pope\caldwke01,Kentavious Caldwell-Pope,LAL,"$2,891,760","$3,678,319","$17,745,894","$12,000,000","$8,089,282","$12,073,020","$13,038,862","$14,004,703",,,,Early Bird,"$30,000,000"
106,Jusuf Nurkić\nurkiju01,Jusuf Nurkic,POR,#N/A,#N/A,#N/A,#N/A,#N/A,"$12,000,000","$12,000,000",,,,,Bird Rights,"$16,000,000"
107,T.J. Warren\warretj01,T.J. Warren,IND,"$2,041,080","$2,128,920","$3,152,931","$11,750,000","$10,810,000","$11,750,000","$12,690,000",,,,,1st Round Pick,"$24,440,000"
108,Larry Nance Jr.\nancela02,Larry Nance Jr.,CLE,"$1,155,600","$1,207,680","$2,272,391","$2,272,391","$12,727,273","$11,709,091","$10,690,909","$9,672,727",,,,1st Round pick,"$32,072,727"
109,Jordan Clarkson\clarkjo01,Jordan Clarkson,UTA,"$845,059","$12,500,000","$12,500,000","$12,500,000","$13,437,500","$11,500,000","$12,420,000","$13,340,000","$14,260,000",,,Bird,"$37,260,000"
110,Spencer Dinwiddie\dinwisp01,Spencer Dinwiddie,BRK,"$845,059","$726,672","$1,656,092","$1,656,092","$10,605,600","$11,454,048","$12,302,496",,,,,Minimum Salary,"$11,454,048"
111,Dillon Brooks\brookdi01,Dillon Brooks,MEM,#N/A,#N/A,"$815,615","$1,378,242","$1,618,520","$11,400,000","$12,200,000","$11,400,000",,,,MLE,"$35,000,000"
112,Lonzo Ball\balllo01,Lonzo Ball,NOP,#N/A,#N/A,"$6,286,560","$7,461,960","$8,719,320","$11,003,782",,,,,,1st Round Pick,"$11,003,782"
113,Norman Powell\powelno01,Norman Powell,TOR,"$650,000","$874,636","$9,367,200","$9,367,200","$10,116,576","$10,865,952","$11,615,328",,,,,Cap Space,"$10,865,952"
114,Joe Ingles\inglejo01,Joe Ingles,UTA,"$2,050,000","$2,150,000","$14,136,364","$13,045,455","$11,954,546","$10,863,637","$14,000,000",,,,,Bird Rights,"$24,863,637"
115,Josh Richardson\richajo01,Josh Richardson,DAL,"$525,093","$874,636","$9,367,200","$9,367,200","$10,116,576","$10,800,000","$11,600,000",,,,,Minimum Salary,"$10,800,000"
116,Jeremy Lamb\lambje01,Jeremy Lamb,IND,"$3,034,356","$6,511,628","$7,488,372","$7,488,372","$10,500,000","$10,500,000","$10,500,000",,,,,Cap Space,"$21,000,000"
117,DeAndre Jordan\jordade01,DeAndre Jordan,BRK,"$19,689,000","$21,165,675","$22,642,350","$22,897,200","$9,881,598","$10,375,678","$9,881,598","$9,821,842",,,,Cap space,"$30,079,118"
118,Zion Williamson\willizi01,Zion Williamson,NOP,#N/A,#N/A,#N/A,#N/A,"$9,757,440","$10,245,480","$10,733,400","$13,534,817",,,,1st Round Pick,"$10,245,480"
119,Dwight Powell\poweldw01,Dwight Powell,DAL,"$845,059","$8,375,000","$9,003,125","$9,631,250","$10,259,375","$10,185,185","$11,000,000","$11,814,815",,,,Cap Space,"$33,000,000"
120,Rodney Hood\hoodro01,Rodney Hood,POR,"$1,348,440","$1,406,520",#N/A,"$3,472,887","$5,718,000","$10,047,450","$10,851,246",,,,,Early Bird,"$10,047,450"
121,Deandre Ayton\aytonde01,Deandre Ayton,PHO,#N/A,#N/A,#N/A,"$8,165,160","$9,562,920","$10,018,200","$12,632,950",,,,,1st Round Pick,"$22,651,150"
122,Tomáš Satoranský\satorto01,Tomas Satoransky,CHI,#N/A,#N/A,#N/A,#N/A,#N/A,"$10,000,000","$10,000,000",,,,,Sign and Trade,"$15,000,000"
123,Paul Millsap\millspa01,Paul Millsap,DEN,"$18,671,659","$20,072,033","$31,269,231","$29,230,769","$30,350,000","$10,000,000",,,,,,Bird,"$10,000,000"
124,Jayson Tatum\tatumja01,Jayson Tatum,BOS,#N/A,#N/A,"$5,645,400","$6,700,800","$7,830,000","$9,897,120","$28,103,550","$30,351,834","$32,600,118","$34,848,402","$37,096,686",1st Round Pick,"$135,801,024"
125,Anthony Edwards\edwaran01,Anthony Edwards,MIN,#N/A,#N/A,#N/A,#N/A,#N/A,"$9,757,440","$10,245,480","$10,733,400","$13,534,817",,,1st Round Pick,"$20,002,920"
126,Meyers Leonard\leoname01,Meyers Leonard,MIA,"$3,075,880","$9,213,483","$9,904,495","$10,595,506","$11,286,516","$9,756,098","$10,243,902",,,,,Bird,"$9,756,098"
127,Al-Farouq Aminu\aminual01,Al-Farouq Aminu,ORL,"$8,042,895","$7,680,965","$7,319,035","$6,957,105","$9,258,000","$9,720,900","$10,183,800",,,,,MLE,"$19,904,700"
128,Dante Exum\exumda01,Dante Exum,HOU,"$3,777,720","$3,940,320","$4,992,385","$9,600,000","$9,600,000","$9,600,000",,,,,,Cap Space,"$9,100,000"
129,George Hill\hillge01,George Hill,OKC,"$8,000,000","$8,000,000","$19,000,000","$19,000,000","$9,133,907","$9,590,602","$10,047,297",,,,,Cap Space,"$10,866,093"
130,Kyle Anderson\anderky01,Kyle Anderson,MEM,"$1,142,880","$1,192,080","$2,151,704","$8,641,000","$9,073,050","$9,505,100","$9,937,150",,,,,MLE,"$19,442,250"
131,Derrick Jones Jr.\jonesde02,Derrick Jones Jr.,POR,#N/A,"$543,471",#N/A,"$1,512,601","$1,645,357","$9,268,293","$9,731,707",,,,,MLE,"$19,000,000"
132,Jae Crowder\crowdja01,Jae Crowder,PHO,"$6,796,117","$6,286,408","$6,796,117","$7,305,825","$7,815,533","$9,258,000","$9,720,900","$10,183,800",,,,MLE,"$29,162,700"
133,Derrick Favors\favorde01,Derrick Favors,UTA,"$12,000,000","$11,050,000","$12,000,000","$16,900,000","$17,650,000","$9,258,000","$9,720,900","$10,183,800",,,,MLE,"$18,978,900"
134,Montrezl Harrell\harremo01,Montrezl Harrell,LAL,"$1,000,000","$1,045,000","$1,471,382","$6,000,000","$6,000,000","$9,258,000","$9,720,900",,,,,MLE,"$18,978,900"
135,Tristan Thompson\thomptr01,Tristan Thompson,BOS,"$14,260,870","$15,330,435","$17,469,565","$17,469,565","$18,539,130","$9,258,000","$9,720,900",,,,,MLE,"$18,978,900"
136,Serge Ibaka\ibakase01,Serge Ibaka,LAC,"$12,250,000","$12,250,000","$21,666,667","$21,666,667","$23,271,604","$9,258,000","$9,742,000",,,,,MLE,"$9,258,000"
137,Ja Morant\moranja01,Ja Morant,MEM,#N/A,#N/A,#N/A,#N/A,"$8,730,240","$9,166,800","$9,603,360","$12,119,440",,,,1st Round Pick,"$18,770,160"
138,Delon Wright\wrighde01,Delon Wright,DET,"$1,509,360","$1,577,280","$2,536,898","$2,536,898","$9,473,684","$9,000,000","$8,526,316",,,,,Sign and Trade,"$17,526,316"
139,Marvin Bagley III\baglema01,Marvin Bagley III,SAC,#N/A,#N/A,#N/A,"$7,305,600","$8,556,120","$8,963,640","$11,312,114",,,,,1st Round Pick,"$20,275,754"
140,Cedi Osman\osmande01,Cedi Osman,CLE,#N/A,#N/A,"$2,775,000","$2,775,000","$2,907,143","$8,750,000","$8,050,000","$7,350,000","$6,650,000",,,MLE,"$24,150,000"
141,James Wiseman\wisemja01,James Wiseman,GSW,#N/A,#N/A,#N/A,#N/A,#N/A,"$8,730,240","$9,166,800","$9,603,360","$12,119,440",,,1st Round Pick,"$17,897,040"
142,Dario Šarić\saricda01,Dario Saric,PHO,#N/A,#N/A,#N/A,#N/A,#N/A,"$8,333,333","$9,000,000","$9,666,667",,,,Bird,"$27,000,000"
143,Thomas Bryant\bryanth01,Thomas Bryant,WAS,#N/A,#N/A,"$815,615","$1,378,242","$8,000,000","$8,333,333","$8,730,159",,,,,Early Bird Rights,"$17,063,492"
144,Maxi Kleber\klebima01,Maxi Kleber,DAL,#N/A,#N/A,"$815,615","$1,378,242","$8,000,000","$8,250,000","$8,750,000","$9,000,000",,,,Early Bird Rights,"$17,000,000"
145,RJ Barrett\barrerj01,RJ Barrett,NYK,#N/A,#N/A,#N/A,#N/A,"$7,839,960","$8,231,760","$8,623,920","$10,900,635",,,,1st Round Pick,"$16,855,680"
146,Jakob Poeltl\poeltja01,Jakob Poeltl,SAS,#N/A,"$2,703,960","$2,947,320","$2,947,320","$3,754,886","$8,101,852","$8,750,000","$9,398,148",,,,Bird,"$26,250,000"
147,De'Aaron Fox\foxde01,De'Aaron Fox,SAC,#N/A,#N/A,"$4,609,200","$5,470,920","$6,392,760","$8,099,627","$28,103,550","$30,351,834","$32,600,118","$34,848,402","$37,096,686",1st Round Pick,"$171,100,217"
148,Luka Dončić\doncilu01,Luka Doncic,DAL,#N/A,#N/A,#N/A,#N/A,#N/A,"$8,049,360","$10,174,391",,,,,1st Round Pick,"$18,223,751"
149,Royce O'Neale\onealro01,Royce O'Neale,UTA,#N/A,#N/A,"$815,615","$1,378,242","$1,618,520","$8,035,714","$8,678,571","$9,321,429","$9,964,286",,,Cap space,"$36,000,000"
150,Mason Plumlee\plumlma01,Mason Plumlee,DET,"$1,415,520","$2,328,530","$14,041,096","$12,917,808","$14,041,096","$8,000,000","$8,137,500","$8,525,000",,,,Cap space,"$24,662,500"
151,Lou Williams\willilo02,Lou Williams,LAC,"$7,000,000","$7,000,000","$7,000,000","$8,000,000","$8,000,000","$8,000,000",,,,,,Cap Space,"$8,000,000"
152,P.J. Tucker\tuckepj01,P.J. Tucker,HOU,"$5,500,000","$5,300,000","$7,590,035","$7,969,537","$8,349,039","$7,969,537",,,,,,MLE,"$7,969,537"
153,Tyus Jones\jonesty01,Tyus Jones,MEM,"$1,282,080","$1,339,680","$1,471,382","$2,444,053","$9,258,000","$7,965,100","$7,522,200",,,,,MLE,"$15,487,300"
154,LaMelo Ball\ballla01,LaMelo Ball,CHO,#N/A,#N/A,#N/A,#N/A,#N/A,"$7,839,960","$8,231,760","$8,623,920","$10,900,635",,,1st Round Pick,"$16,071,720"
155,Seth Curry\curryse01,Seth Curry,PHI,"$947,276","$2,898,000","$3,028,410","$2,795,000","$7,461,380","$7,813,953","$8,186,047","$8,558,140",,,,MLE,"$24,558,140"
156,De'Anthony Melton\meltode01,De'Anthony Melton,MEM,#N/A,#N/A,#N/A,"$949,000","$1,416,852","$7,812,500","$8,437,500","$9,062,500","$9,687,500",,,Early Bird,"$35,000,000"
157,Derrick Rose\rosede01,Derrick Rose,NYK,"$20,093,064","$21,323,252",#N/A,"$1,512,601","$7,317,073","$7,682,927",,,,,,MLE,"$7,682,927"
158,Cristiano Felício\feliccr01,Cristiano Felicio,CHI,#N/A,#N/A,#N/A,#N/A,#N/A,"$7,529,020",,,,,,Cap space,"$7,529,020"
159,Rajon Rondo\rondora01,Rajon Rondo,ATL,"$9,500,000","$14,000,000","$3,300,000","$9,000,000","$2,564,753","$7,500,000","$7,500,000",,,,,Cap Space,"$15,000,000"
160,De'Andre Hunter\huntede01,De'Andre Hunter,ATL,#N/A,#N/A,#N/A,#N/A,"$7,068,360","$7,422,000","$7,775,400","$9,835,881",,,,1st Round Pick,"$15,197,400"
161,Jonathan Isaac\isaacjo01,Jonathan Isaac,ORL,#N/A,#N/A,"$4,969,080","$4,969,080","$5,806,440","$7,362,566","$17,400,000","$17,400,000","$17,400,000","$17,400,000",,1st Round Pick,"$76,962,566"
162,Doug McDermott\mcderdo01,Doug McDermott,IND,"$2,380,440","$2,483,040","$3,294,994","$7,333,333","$7,333,333","$7,333,333",,,,,,Cap Space,"$7,333,333"
163,Robin Lopez\lopezro01,Robin Lopez,WAS,"$12,650,000","$13,219,250","$14,357,750","$14,357,750","$4,767,000","$7,300,000",,,,,,MLE,"$7,300,000"
164,Jaren Jackson Jr.\jacksja02,Jaren Jackson Jr.,MEM,#N/A,#N/A,#N/A,"$5,915,040","$6,927,480","$7,257,360","$9,180,560",,,,,1st Round Pick,"$16,437,920"
165,JaMychal Green\greenja01,JaMychal Green,DEN,"$845,059","$980,431","$8,533,333","$7,666,667","$4,767,000","$7,199,760","$7,559,748",,,,,MLE,"$14,759,508"
166,Nemanja Bjelica\bjeline01,Nemanja Bjelica,SAC,"$3,950,001","$3,800,000","$3,949,999","$6,500,000","$6,825,000","$7,150,000",,,,,,,
167,Patrick Williams\willipa01,Patrick Williams,CHI,#N/A,#N/A,#N/A,#N/A,#N/A,"$7,068,360","$7,422,000","$7,775,400","$9,835,881",,,1st Round Pick,"$14,490,360"
168,Ivica Zubac\zubaciv01,Ivica Zubac,LAC,#N/A,"$1,034,956","$1,312,611","$1,544,951","$6,481,482","$7,000,000","$7,518,518","$7,518,518",,,,Bird Rights,"$14,518,518"
169,Darius Miller\milleda01,Darius Miller,OKC,#N/A,#N/A,"$2,100,000","$2,205,000","$7,000,000","$7,000,000",,,,,,Early Bird Rights,"$7,000,000"
170,Aron Baynes\baynear01,Aron Baynes,TOR,"$6,500,000","$6,500,000",#N/A,"$5,193,600","$5,453,280","$6,975,610","$7,324,390",,,,,MLE,"$6,975,610"
171,Lauri Markkanen\markkla01,Lauri Markkanen,CHI,#N/A,#N/A,"$4,536,120","$4,536,120","$5,300,400","$6,731,508",,,,,,1st Round Pick,"$6,731,508"
172,Darius Garland\garlada01,Darius Garland,CLE,#N/A,#N/A,#N/A,#N/A,"$6,400,920","$6,720,720","$7,040,880","$8,920,795",,,,1st Round Pick,"$13,761,600"
173,D.J. Augustin\augusdj01,D.J. Augustin,MIL,"$3,000,000","$7,250,000","$7,250,000","$7,250,000","$7,250,000","$6,666,667","$7,000,000","$7,333,333",,,,MLE,"$14,000,000"
174,Trae Young\youngtr01,Trae Young,ATL,#N/A,#N/A,#N/A,"$5,356,440","$6,273,000","$6,571,800","$8,326,471",,,,,1st Round Pick,"$14,898,271"
175,Jabari Parker\parkeja01,Jabari Parker,SAC,"$5,152,440","$5,374,320",#N/A,"$20,000,000","$6,500,000","$6,500,000",,,,,,Cap Space,"$6,500,000"
176,Juan Hernangómez\hernaju01,Juancho Hernangomez,MIN,#N/A,#N/A,#N/A,#N/A,#N/A,"$6,493,000","$7,012,440","$7,531,880",,,,Bird,"$13,505,440"
177,Chris Boucher\bouchch01,Chris Boucher,TOR,#N/A,#N/A,#N/A,"$457,418","$1,588,231","$6,490,385","$7,009,615",,,,,Early Bird,"$13,500,000"
178,Joakim Noah\noahjo01,Joakim Noah,NYK,"$13,400,000","$17,000,000","$18,530,000","$1,093,858",#N/A,"$6,431,666","$6,431,666",,,,,,"$12,863,332"
179,Isaac Okoro\okorois01,Isaac Okoro,CLE,#N/A,#N/A,#N/A,#N/A,#N/A,"$6,400,920","$6,720,720","$7,040,880","$8,920,795",,,1st Round Pick,"$13,121,640"
180,Frank Ntilikina\ntilila01,Frank Ntilikina,NYK,#N/A,#N/A,"$4,155,720","$4,155,720","$4,855,800","$6,176,578",,,,,,1st Round Pick,"$6,176,578"
181,DeMarre Carroll\carrode01,DeMarre Carroll,SAS,"$13,600,000","$14,200,000","$15,400,000","$15,400,000","$512,721","$6,167,887","$1,252,127",,,,,,"$7,420,014"
182,Ish Smith\smithis01,Ish Smith,WAS,"$947,276","$6,000,000","$6,000,000","$6,000,000","$6,000,000","$6,146,341",,,,,,MLE,"$6,146,341"
183,Jarrett Culver\culveja01,Jarrett Culver,MIN,#N/A,#N/A,#N/A,#N/A,"$5,813,640","$6,104,280","$6,395,160","$8,109,063",,,,1st Round Pick,"$12,499,440"
184,Alec Burks\burksal01,Alec Burks,NYK,"$9,463,484","$10,154,495","$10,845,506","$11,536,515","$1,620,564","$6,000,000",,,,,,Cap Space,"$6,000,000"
185,Mo Bamba\bambamo01,Mo Bamba,ORL,#N/A,#N/A,#N/A,"$4,865,040","$5,697,600","$5,969,040","$7,568,742",,,,,1st Round Pick,"$13,537,782"
186,Onyeka Okongwu\okongon01,Onyeka Okongwu,ATL,#N/A,#N/A,#N/A,#N/A,#N/A,"$5,813,640","$6,104,280","$6,395,160","$8,109,063",,,1st Round Pick,"$11,917,920"
187,Justin Holiday\holidju01,Justin Holiday,IND,"$947,276","$1,015,696","$4,384,616","$4,384,616","$4,767,000","$5,720,400","$6,006,420","$6,292,440",,,,Non Bird,"$18,019,260"
188,Dennis Smith Jr.\smithde03,Dennis Smith Jr.,DET,#N/A,#N/A,"$3,218,280","$3,819,960","$4,463,640","$5,686,677",,,,,,1st Round Pick,"$5,686,677"
189,Avery Bradley\bradlav01,Avery Bradley,MIA,"$7,730,337","$8,269,663","$8,808,989","$12,000,000","$4,767,000","$5,635,000","$5,916,750",,,,,MLE,"$5,635,000"
190,Timofey Mozgov\mozgoti01,Timofey Mozgov,ORL,"$4,950,000","$16,000,000","$16,000,000","$16,000,000","$16,720,000","$5,573,333","$5,573,334",,,,,,"$11,146,667"
191,Coby White\whiteco01,Coby White,CHI,#N/A,#N/A,#N/A,#N/A,"$5,307,120","$5,572,680","$5,837,760","$7,413,955",,,,1st Round Pick,"$5,572,680"
192,Trey Lyles\lylestr01,Trey Lyles,SAS,"$2,239,800","$2,340,600","$2,441,400","$3,364,249","$5,500,000","$5,500,000",,,,,,,
193,Wendell Carter Jr.\cartewe01,Wendell Carter Jr.,CHI,#N/A,#N/A,#N/A,"$4,441,200","$5,201,400","$5,448,840","$6,920,027",,,,,1st Round Pick,"$5,448,840"
194,Zach Collins\colliza01,Zach Collins,POR,#N/A,#N/A,"$3,057,240","$3,628,920","$4,240,200","$5,406,255",,,,,,1st Round Pick,"$5,406,255"
195,Malik Monk\monkma01,Malik Monk,CHO,#N/A,#N/A,"$3,447,480","$3,447,480","$4,028,400","$5,345,687",,,,,,1st Round Pick,"$5,345,687"
196,Killian Hayes\hayeski01,Killian Hayes,DET,#N/A,#N/A,#N/A,#N/A,#N/A,"$5,307,120","$5,572,680","$5,837,760","$7,413,955",,,1st Round Pick,"$10,879,800"
197,Luke Kennard\kennalu01,Luke Kennard,LAC,#N/A,#N/A,"$3,275,280","$3,275,280","$3,827,160","$5,273,826","$12,727,273","$13,745,455","$14,763,636","$14,763,636",,1st Round Pick,"$46,510,190"
198,Ryan Anderson\anderry01,Ryan Anderson,MIA,"$8,500,000","$18,735,364","$19,578,455","$20,421,546","$1,620,564","$5,214,583","$5,214,584",,,,,,"$10,429,167"
199,Donovan Mitchell\mitchdo01,Donovan Mitchell,UTA,#N/A,#N/A,"$2,621,280","$3,111,480","$3,635,760","$5,195,501","$28,103,550","$30,351,834","$32,600,118","$34,848,402","$37,096,686",1st Round Pick,"$131,099,405"
200,Bam Adebayo\adebaba01,Bam Adebayo,MIA,#N/A,#N/A,"$2,955,840","$2,955,840","$3,454,080","$5,115,492","$28,103,550","$30,351,834","$32,600,118","$34,848,402","$37,096,686",1st Round Pick,"$168,116,082"
201,Jaxson Hayes\hayesja02,Jaxson Hayes,NOP,#N/A,#N/A,#N/A,#N/A,"$4,862,040","$5,105,160","$5,348,280","$6,803,012",,,,1st Round Pick,"$5,105,160"
202,Justin Jackson\jacksju01,Justin Jackson,OKC,#N/A,#N/A,"$2,365,560","$2,807,880","$3,280,920","$5,029,650",,,,,,1st Round Pick,"$5,029,650"
203,Richaun Holmes\holmeri01,Richaun Holmes,SAC,"$1,074,169","$1,025,831","$1,600,520","$1,600,520","$4,767,000","$5,005,350",,,,,,Room Exception,"$5,005,350"
204,Enes Kanter\kanteen01,Enes Kanter,POR,"$16,407,500","$17,145,838","$18,622,514","$487,109","$4,767,000","$5,005,350",,,,,,Room Exception,"$5,005,350"
205,Mike Scott\scottmi01,Mike Scott,PHI,"$3,333,333","$3,333,334",#N/A,"$4,320,500","$4,767,000","$5,005,350",,,,,,Room Exception,"$5,005,350"
206,Ed Davis\davised01,Ed Davis,MIN,"$6,980,802","$6,666,667","$6,352,531","$4,449,000","$4,767,000","$5,005,350",,,,,,Room Exception,"$5,005,350"
207,Rodney McGruder\mcgruro01,Rodney McGruder,DET,#N/A,"$543,471","$1,544,951","$1,544,951","$4,807,693","$5,000,000","$5,370,370",,,,,Cap Space,"$10,370,370"
208,Nerlens Noel\noelne01,Nerlens Noel,NYK,"$3,457,800","$4,384,490","$4,187,599","$1,757,429","$1,620,564","$5,000,000",,,,,,Cap Space,"$5,000,000"
209,Daniel Theis\theisda01,Daniel Theis,BOS,#N/A,#N/A,"$815,615","$1,378,242","$5,000,000","$5,000,000",,,,,,,
210,Collin Sexton\sextoco01,Collin Sexton,CLE,#N/A,#N/A,#N/A,"$4,068,600","$4,764,960","$4,991,880","$6,349,671",,,,,1st Round Pick,"$11,341,551"
211,Luol Deng\denglu01,Luol Deng,LAL,"$10,151,612","$18,000,000","$17,190,000","$1,512,601",#N/A,"$4,990,000","$4,990,000",,,,,,"$9,980,000"
212,Pat Connaughton\connapa01,Pat Connaughton,MIL,"$625,093","$874,636","$1,471,382","$1,641,000","$1,723,050","$4,938,272","$5,333,333","$5,728,395",,,,Early Bird,"$10,271,605"
213,Obi Toppin\toppiob01,Obi Toppin,NYK,#N/A,#N/A,#N/A,#N/A,#N/A,"$4,862,040","$5,105,160","$5,348,280","$6,803,012",,,1st Round Pick,"$9,967,200"
214,Kevon Looney\looneke01,Kevon Looney,GSW,"$1,131,960","$1,182,840","$1,471,382","$1,512,601","$4,464,226","$4,821,429","$5,178,572",,,,,Bird Rights,"$4,821,429"
215,Josh Jackson\jacksjo02,Josh Jackson,DET,#N/A,#N/A,"$5,090,040","$6,041,520","$7,059,480","$4,767,000","$5,005,350",,,,,Room Exception,"$9,772,350"
216,Garrett Temple\templga01,Garrett Temple,CHI,"$1,100,602","$8,000,000","$8,000,000","$8,000,000","$4,767,000","$4,767,000",,,,,,MLE,"$4,767,000"
217,Kris Dunn\dunnkr01,Kris Dunn,ATL,#N/A,"$3,872,520","$4,221,000","$4,221,000","$5,348,007","$4,767,000","$5,005,350",,,,,Room Exception,"$4,767,000"
218,Elfrid Payton\paytoel01,Elfrid Payton,NYK,"$2,505,720","$2,613,600","$3,332,340","$3,000,000","$8,000,000","$5,760,000",,,,,,Cap Space,"$5,760,000"
219,Rui Hachimura\hachiru01,Rui Hachimura,WAS,#N/A,#N/A,#N/A,#N/A,"$4,469,160","$4,692,840","$4,916,160","$6,263,188",,,,1st Round Pick,"$9,609,000"
220,Denzel Valentine\valende01,Denzel Valentine,CHI,#N/A,"$2,092,200","$2,280,600","$2,280,600","$3,377,569","$4,642,800",,,,,,,"$4,642,800"
221,Kevin Knox\knoxke01,Kevin Knox,NYK,#N/A,#N/A,#N/A,#N/A,#N/A,"$4,588,680","$5,845,978",,,,,1st Round Pick,"$10,434,658"
222,D.J. Wilson\wilsodj01,D.J. Wilson,MIL,#N/A,#N/A,"$2,534,280","$2,534,280","$2,961,120","$4,548,280",,,,,,1st Round Pick,"$4,548,280"
223,Deni Avdija\avdijde01,Deni Avdija,WAS,#N/A,#N/A,#N/A,#N/A,#N/A,"$4,469,160","$4,692,840","$4,916,160","$6,263,188",,,1st Round Pick,"$9,162,000"
224,Cam Reddish\reddica01,Cam Reddish,ATL,#N/A,#N/A,#N/A,#N/A,"$4,245,720","$4,458,000","$4,670,160","$5,954,454",,,,1st Round Pick,"$9,128,160"
225,Mikal Bridges\bridgmi01,Mikal Bridges,PHO,#N/A,#N/A,#N/A,"$3,552,960","$4,161,000","$4,359,000","$5,557,725",,,,,1st Round Pick,"$9,916,725"
226,T.J. Leaf\leaftj01,T.J. Leaf,OKC,#N/A,#N/A,"$2,407,560","$2,407,560","$2,813,280","$4,326,825",,,,,,,"$4,326,825"
227,Jalen Smith\smithja04,Jalen Smith,PHO,#N/A,#N/A,#N/A,#N/A,#N/A,"$4,245,720","$4,458,000","$4,670,160","$5,954,454",,,1st Round Pick,"$8,703,720"
228,Cameron Johnson\johnsca02,Cameron Johnson,PHO,#N/A,#N/A,#N/A,#N/A,"$4,033,440","$4,235,160","$4,437,000","$5,887,899",,,,1st Round Pick,"$8,672,160"
229,JaVale McGee\mcgeeja01,JaVale McGee,CLE,"$1,270,964","$1,403,611","$1,471,382","$1,512,601","$4,000,000","$4,200,000",,,,,,Cap Space,"$4,200,000"
230,Reggie Bullock\bullore01,Reggie Bullock,NYK,"$1,252,440","$2,255,644","$2,500,000","$2,500,000","$4,000,000","$4,200,000",,,,,,Room Exception,"$1,000,000"
231,Shai Gilgeous-Alexander\gilgesh01,Shai Gilgeous-Alexander,OKC,#N/A,#N/A,#N/A,"$3,375,360","$3,952,920","$4,141,320","$5,495,532",,,,,1st Round Pick,"$9,636,852"
232,John Collins\collijo01,John Collins,ATL,#N/A,#N/A,"$2,299,080","$2,299,080","$2,686,560","$4,137,302",,,,,,1st Round Pick,"$4,137,302"
233,Nicolò Melli\mellini01,Nicolo Melli,NOP,#N/A,#N/A,#N/A,#N/A,#N/A,"$4,097,561",,,,,,Room Exception,"$4,097,561"
234,Devin Vassell\vassede01,Devin Vassell,SAS,#N/A,#N/A,#N/A,#N/A,#N/A,"$4,033,440","$4,235,160","$4,437,000","$5,887,899",,,1st Round Pick,"$8,268,600"
235,P.J. Washington\washipj01,P.J. Washington,CHO,#N/A,#N/A,#N/A,#N/A,"$3,831,840","$4,023,600","$4,215,120","$5,808,435",,,,1st Round Pick,"$8,238,720"
236,Willie Cauley-Stein\caulewi01,Willie Cauley-Stein,DAL,"$3,398,280","$3,551,160","$3,704,160","$4,696,875","$2,177,483","$4,000,000","$4,200,000",,,,,MLE,"$8,200,000"
237,Dorian Finney-Smith\finnedo01,Dorian Finney-Smith,DAL,#N/A,"$543,471","$1,312,611","$1,544,951","$4,000,000","$4,000,000","$4,000,000",,,,,Bird Rights,"$8,000,000"
238,Patrick McCaw\mccawpa01,Patrick McCaw,TOR,#N/A,"$543,471","$1,312,611","$777,665","$4,000,000","$4,000,000",,,,,,MLE,"$4,000,000"
239,Terrance Ferguson\fergute01,Terrance Ferguson,PHI,#N/A,#N/A,"$1,785,000","$2,118,840","$2,475,840","$3,944,013",,,,,,1st Round Pick,"$3,944,013"
240,Miles Bridges\bridgmi02,Miles Bridges,CHO,#N/A,#N/A,#N/A,"$3,206,640","$3,755,400","$3,934,320","$5,421,493",,,,,1st Round Pick,"$9,355,813"
241,Jarrett Allen\allenja01,Jarrett Allen,CLE,#N/A,#N/A,"$2,034,120","$2,034,120","$2,376,840","$3,909,902",,,,,,1st Round Pick,"$3,909,902"
242,OG Anunoby\anunoog01,OG Anunoby,TOR,#N/A,#N/A,"$2,034,120","$2,034,120","$2,281,800","$3,872,215","$16,071,429","$17,357,143","$18,642,857","$19,928,571",,1st Round Pick,"$75,872,215"
243,Tyrese Haliburton\halibty01,Tyrese Haliburton,SAC,#N/A,#N/A,#N/A,#N/A,#N/A,"$3,831,840","$4,023,600","$4,215,120","$5,808,435",,,1st Round Pick,"$7,855,440"
244,Tyler Herro\herroty01,Tyler Herro,MIA,#N/A,#N/A,#N/A,#N/A,"$3,640,200","$3,822,240","$4,004,280","$5,722,116",,,,1st Round Pick,"$7,826,520"
245,Stanley Johnson\johnsst04,Stanley Johnson,TOR,"$2,841,960","$2,969,880","$3,940,402","$3,940,402","$3,623,000","$3,801,000",,,,,,Bi-annual Exception,"$3,801,000"
246,Jake Layman\laymaja01,Jake Layman,MIN,#N/A,"$600,000","$1,312,611","$1,544,951","$3,581,986","$3,761,085","$3,940,184",,,,,Sign and Trade,"$7,701,269"
247,Jerome Robinson\robinje01,Jerome Robinson,WAS,#N/A,#N/A,#N/A,"$3,046,200","$3,567,720","$3,737,520",,,,,,1st Round Pick,"$3,737,520"
248,Danuel House\houseda01,Danuel House,HOU,#N/A,#N/A,#N/A,#N/A,#N/A,"$3,717,000","$3,894,000",,,,,MLE,"$7,611,000"
249,Kira Lewis Jr.\lewiski01,Kira Lewis Jr.,NOP,#N/A,#N/A,#N/A,#N/A,#N/A,"$3,640,200","$3,822,240","$4,004,280","$5,722,116",,,1st Round Pick,"$7,462,440"
250,Romeo Langford\langfro01,Romeo Langford,BOS,#N/A,#N/A,#N/A,#N/A,"$3,458,400","$3,631,200","$3,804,360","$5,634,257",,,,1st Round Pick,"$7,435,560"
251,Facundo Campazzo\campafa01,Facundo Campazzo,DEN,#N/A,#N/A,#N/A,#N/A,#N/A,"$3,623,000","$3,804,150",,,,,Bi-Annual Exception,"$7,427,150"
252,Bobby Portis\portibo01,Bobby Portis,MIL,"$1,391,160","$1,453,680","$2,494,346","$2,494,346","$15,000,000","$3,623,000","$3,804,150",,,,,Bi-Annual Exception,"$3,623,000"
253,Maurice Harkless\harklma01,Maurice Harkless,MIA,"$2,894,059","$8,988,765","$10,162,922","$10,837,079","$11,011,234","$3,623,000",,,,,,MLE,"$3,623,000"
254,Wesley Matthews\matthwe02,Wesley Matthews,LAL,"$16,407,500","$17,145,838","$17,884,176","$512,746","$2,564,753","$3,623,000",,,,,,Bi-Annual Exception,"$3,623,000"
255,Kyle Kuzma\kuzmaky01,Kyle Kuzma,LAL,#N/A,#N/A,"$1,423,560","$1,689,840","$1,974,600","$3,562,178","$13,000,000","$13,000,000","$13,000,000",,,1st Round Pick,"$29,562,178"
256,Michael Porter Jr.\portemi01,Michael Porter Jr.,DEN,#N/A,#N/A,#N/A,"$2,894,160","$3,389,400","$3,550,800","$5,258,735",,,,,1st Round Pick,"$8,809,535"
257,Jevon Carter\carteje01,Jevon Carter,PHO,#N/A,#N/A,#N/A,"$838,464","$1,416,852","$3,549,383","$3,833,333","$4,117,284",,,,Early Bird,"$11,500,000"
258,Tony Bradley\bradlto01,Tony Bradley,PHI,#N/A,#N/A,"$1,414,920","$1,679,520","$1,962,360","$3,542,060",,,,,,1st Round Pick,"$3,542,060"
259,Derrick White\whitede01,Derrick White,SAS,#N/A,#N/A,"$1,404,600","$1,667,160","$1,948,080","$3,516,284","$15,178,571","$16,392,857","$17,607,143","$18,821,429",,1st Round Pick,"$71,516,284"
260,Mirza Teletović\teletmi01,Mirza Teletovic,MIL,#N/A,#N/A,#N/A,#N/A,#N/A,"$3,500,000",,,,,,,"$3,500,000"
261,Boban Marjanović\marjabo01,Boban Marjanovic,DAL,#N/A,#N/A,#N/A,#N/A,#N/A,"$3,500,000",,,,,,Bi-Annual Exception,"$3,500,000"
262,T.J. McConnell\mccontj01,T.J. McConnell,IND,"$525,093","$874,636","$1,600,520","$1,600,520","$3,500,000","$3,500,000",,,,,,Cap Space,"$1,000,000"
263,Josh Hart\hartjo01,Josh Hart,NOP,#N/A,#N/A,"$1,394,520","$1,655,160","$1,655,160","$3,491,159",,,,,,1st Round Pick,"$3,491,159"
264,Aaron Nesmith\nesmiaa01,Aaron Nesmith,BOS,#N/A,#N/A,#N/A,#N/A,#N/A,"$3,458,400","$3,631,200","$3,804,360","$5,634,257",,,1st Round Pick,"$7,089,600"
265,Sekou Doumbouya\doumbse01,Sekou Doumbouya,DET,#N/A,#N/A,#N/A,#N/A,"$3,285,120","$3,449,400","$3,613,680","$5,539,771",,,,1st Round Pick,"$7,063,080"
266,Troy Brown Jr.\browntr01,Troy Brown Jr.,WAS,#N/A,#N/A,#N/A,"$2,749,080","$3,219,480","$3,372,840","$5,170,564",,,,,1st Round Pick,"$8,543,404"
267,James Ennis\ennisja01,James Ennis,ORL,#N/A,#N/A,#N/A,#N/A,#N/A,"$3,300,000",,,,,,MLE,"$3,300,000"
268,Cole Anthony\anthoco01,Cole Anthony,ORL,#N/A,#N/A,#N/A,#N/A,#N/A,"$3,285,120","$3,449,400","$3,613,680","$5,539,771",,,1st Round Pick,"$6,734,520"
269,Zhaire Smith\smithzh01,Zhaire Smith,DET,#N/A,#N/A,#N/A,"$2,526,840","$3,058,800","$3,204,600",,,,,,,"$3,204,600"
270,Trey Burke\burketr01,Trey Burke,DAL,"$2,658,240","$3,386,598","$1,544,951","$1,795,015","$1,620,564","$3,174,603","$3,333,333","$3,492,063",,,,MLE,"$6,507,936"
271,Austin Rivers\riverau01,Austin Rivers,NYK,"$3,110,796","$11,000,000","$12,650,000","$922,943","$2,147,317","$3,174,603","$3,333,333","$3,492,063",,,,Sign and Trade,"$3,174,603"
272,Jon Leuer\leuerjo01,Jon Leuer,MIL,"$1,035,000","$10,991,957","$10,002,681","$10,002,681",#N/A,"$3,169,348","$3,169,347",,,,,,"$6,338,695"
273,Chuma Okeke\okekech01,Chuma Okeke,ORL,#N/A,#N/A,#N/A,#N/A,#N/A,"$3,121,080","$3,277,080","$3,433,320","$5,266,713",,,1st Round Pick,"$6,398,160"
274,Isaiah Stewart\stewais01,Isaiah Stewart,DET,#N/A,#N/A,#N/A,#N/A,#N/A,"$3,121,080","$3,277,080","$3,433,320","$5,266,713",,,1st Round Pick,"$6,398,160"
275,Nickeil Alexander-Walker\alexani01,Nickeil Alexander-Walker,NOP,#N/A,#N/A,#N/A,#N/A,"$2,964,840","$3,113,160","$3,261,480","$5,009,633",,,,1st Round Pick,"$3,113,160"
276,Patrick Patterson\pattepa01,Patrick Patterson,LAC,"$6,268,675","$6,050,000","$5,192,000","$5,451,600","$1,620,564","$3,814,768","$737,066",,,,,Non Bird,"$3,077,701"
277,Donte DiVincenzo\divindo01,Donte DiVincenzo,MIL,#N/A,#N/A,#N/A,"$2,481,000","$2,905,800","$3,044,160","$4,675,830",,,,,1st Round Pick,"$7,719,990"
278,Michael Carter-Williams\cartemi01,Michael Carter-Williams,ORL,"$2,399,040","$3,183,526",#N/A,#N/A,"$1,620,564","$3,000,000","$3,000,000",,,,,Early Bird,"$6,000,000"
279,Khem Birch\birchkh01,Khem Birch,ORL,#N/A,#N/A,"$1,378,242","$1,378,242","$3,000,000","$3,000,000",,,,,,Early Bird Rights,"$3,000,000"
280,Ryan Arcidiacono\arcidry01,Ryan Arcidiacono,CHI,#N/A,"$543,471",#N/A,"$1,349,383","$3,000,000","$3,000,000","$3,000,000",,,,,Cap space,"$3,000,000"
281,Aleksej Pokusevski\pokusal01,Aleksej Pokusevski,OKC,#N/A,#N/A,#N/A,#N/A,#N/A,"$2,964,840","$3,113,160","$3,261,480","$5,009,633",,,1st Round Pick,"$6,078,000"
282,Goga Bitadze\bitadgo01,Goga Bitadze,IND,#N/A,#N/A,#N/A,#N/A,"$2,816,760","$2,957,520","$3,098,400","$4,765,339",,,,1st Round Pick,"$6,055,920"
283,Lonnie Walker\walkelo01,Lonnie Walker,SAS,#N/A,#N/A,#N/A,#N/A,#N/A,"$2,892,000","$4,447,896",,,,,1st Round Pick,"$7,339,896"
284,Dewayne Dedmon\dedmode01,Dewayne Dedmon,DET,"$947,276","$2,898,000","$7,200,000","$7,200,000","$13,333,333","$2,866,667","$2,866,667","$2,866,667","$2,866,667","$2,866,667",,,"$14,333,335"
285,Andrew Nicholson\nichoan01,Andrew Nicholson,POR,"$2,380,593","$6,088,993","$6,362,998",#N/A,#N/A,"$2,844,429","$2,844,429","$2,844,429","$2,844,429",,,,"$11,377,716"
286,Luka Šamanić\samanlu01,Luka Samanic,SAS,#N/A,#N/A,#N/A,#N/A,#N/A,"$2,824,320","$2,959,080","$4,556,983",,,,1st Round Pick,"$5,783,400"
287,Josh Green\greenjo02,Josh Green,DAL,#N/A,#N/A,#N/A,#N/A,#N/A,"$2,816,760","$2,957,520","$3,098,400","$4,765,339",,,1st Round Pick,"$5,774,280"
288,Kevin Huerter\huertke01,Kevin Huerter,ATL,#N/A,#N/A,#N/A,"$2,250,960","$2,636,280","$2,761,920","$4,253,357",,,,,1st Round Pick,"$7,015,277"
289,Marko Guduric\gudurma01,Marko Guduric,MEM,#N/A,#N/A,#N/A,#N/A,"$2,625,000","$2,750,000",,,,,,,"$2,750,000"
290,Alex Caruso\carusal01,Alex Caruso,LAL,#N/A,"$543,471",#N/A,#N/A,"$2,750,000","$2,750,000",,,,,,Room Exception,"$2,750,000"
291,Matisse Thybulle\thybuma01,Matisse Thybulle,PHI,#N/A,#N/A,#N/A,#N/A,"$2,582,160","$2,711,280","$2,840,160","$4,379,527",,,,1st Round Pick,"$5,551,440"
292,Saddiq Bey\beysa01,Saddiq Bey,DET,#N/A,#N/A,#N/A,#N/A,#N/A,"$2,689,920","$2,824,320","$2,959,080","$4,556,983",,,1st Round Pick,"$5,514,240"
293,Josh Okogie\okogijo01,Josh Okogie,MIN,#N/A,#N/A,#N/A,"$2,160,720","$2,530,680","$2,651,040","$4,087,904",,,,,1st Round Pick,"$6,738,944"
294,Vincent Poirier\poirivi01,Vincent Poirier,PHI,#N/A,#N/A,#N/A,#N/A,"$2,505,793","$2,619,207",,,,,,Minimum Salary,"$2,619,207"
295,Brandon Clarke\clarkbr01,Brandon Clarke,MEM,#N/A,#N/A,#N/A,#N/A,"$2,478,840","$2,602,920","$2,726,880","$4,343,920",,,,1st Round Pick,"$5,329,800"
296,Precious Achiuwa\achiupr01,Precious Achiuwa,MIA,#N/A,#N/A,#N/A,#N/A,#N/A,"$2,582,160","$2,711,280","$2,840,160","$4,379,527",,,1st Round Pick,"$5,293,440"
297,Marc Gasol\gasolma01,Marc Gasol,LAL,"$19,688,000","$21,165,675","$22,642,350","$24,119,025","$25,595,700","$2,564,753","$2,692,991",,,,,Minimum Salary,"$5,257,744"
298,Carmelo Anthony\anthoca01,Carmelo Anthony,POR,"$22,875,000","$24,559,380","$26,243,760","$1,512,601","$1,364,204","$2,564,753",,,,,,Minimum Salary,"$2,564,753"
299,Dwight Howard\howardw01,Dwight Howard,PHI,"$22,359,364","$23,180,275","$23,819,725","$5,337,000","$1,620,564","$2,564,753",,,,,,Minimum Salary,"$2,564,753"
300,Udonis Haslem\hasleud01,Udonis Haslem,MIA,"$2,854,940","$4,000,000",#N/A,"$1,512,601","$1,620,564","$2,564,753",,,,,,Minimum Salary,"$2,564,753"
301,Jared Dudley\dudleja01,Jared Dudley,LAL,"$4,375,000","$10,470,000","$10,000,000","$9,530,000","$1,620,564","$2,564,753",,,,,,Minimum Salary,"$2,564,753"
302,Nicolas Batum\batumni01,Nicolas Batum,LAC,"$13,125,306","$20,869,566","$24,000,000","$24,000,000","$25,565,217","$29,695,187",,,,,,Minimum Salary,"$2,564,753"
303,Wayne Ellington\ellinwa01,Wayne Ellington,DET,"$1,500,000","$6,000,000",#N/A,"$2,383,076","$8,000,000","$3,005,225",,,,,,Minimum Salary,"$2,564,753"
304,J.J. Barea\bareajo01,J.J. Barea,DAL,"$4,290,000","$4,096,950","$3,903,900","$3,710,850","$1,620,564","$2,564,753",,,,,,,"$2,564,753"
305,Jeff Green\greenje02,Jeff Green,BRK,"$9,650,000","$15,000,000",#N/A,"$1,512,601","$439,475","$2,564,753",,,,,,Minimum Salary,"$2,564,753"
306,Jeff Teague\teaguje01,Jeff Teague,BOS,"$8,000,000","$8,800,000","$19,000,000","$19,000,000","$19,000,000","$2,564,753",,,,,,Minimum Salary,"$2,564,753"
307,Grayson Allen\allengr01,Grayson Allen,MEM,#N/A,#N/A,#N/A,"$2,074,320","$2,429,400","$2,545,320","$4,054,695",,,,,1st Round Pick,"$6,600,015"
308,Grant Williams\willigr01,Grant Williams,BOS,#N/A,#N/A,#N/A,#N/A,"$2,379,840","$2,498,760","$2,617,800","$4,306,281",,,,1st Round Pick,"$5,116,560"
309,Tyrese Maxey\maxeyty01,Tyrese Maxey,PHI,#N/A,#N/A,#N/A,#N/A,#N/A,"$2,478,840","$2,602,920","$2,726,880","$4,343,920",,,1st Round Pick,"$5,081,760"
310,Chandler Hutchison\hutchch01,Chandler Hutchison,CHI,#N/A,#N/A,#N/A,"$1,990,520","$2,332,320","$2,443,440","$4,019,459",,,,,1st Round Pick,"$2,443,440"
311,Darius Bazley\bazleda01,Darius Bazley,OKC,#N/A,#N/A,#N/A,#N/A,"$2,284,800","$2,399,160","$2,513,040","$4,264,629",,,,1st Round Pick,"$4,912,200"
312,Zeke Nnaji\nnajize01,Zeke Nnaji,DEN,#N/A,#N/A,#N/A,#N/A,#N/A,"$2,379,840","$2,498,760","$2,617,800","$4,306,281",,,1st Round Pick,"$4,878,600"
313,Aaron Holiday\holidaa01,Aaron Holiday,IND,#N/A,#N/A,#N/A,"$1,911,960","$2,329,200","$2,345,640","$3,980,551",,,,,1st Round Pick,"$6,326,191"
314,Bryn Forbes\forbebr01,Bryn Forbes,MIL,#N/A,"$543,471","$1,312,611","$3,125,000","$2,875,000","$2,337,145","$2,454,002",,,,,MLE,"$2,337,145"
315,E'Twaun Moore\mooreet01,E'Twaun Moore,PHO,"$1,015,421","$8,081,363","$8,445,024","$8,808,685","$8,664,928","$2,331,593",,,,,,Minimum Salary,"$2,331,593"
316,Markieff Morris\morrima02,Markieff Morris,LAL,"$8,000,000","$7,400,000","$8,600,000","$427,288","$1,750,000","$2,331,593",,,,,,Minimum Salary,"$2,331,593"
317,Reggie Jackson\jacksre01,Reggie Jackson,LAC,"$13,913,044","$14,956,522","$17,043,478","$17,043,478","$512,721","$2,331,593",,,,,,Minimum Salary,"$2,331,593"
318,DeMarcus Cousins\couside01,DeMarcus Cousins,HOU,"$15,851,950","$16,957,900","$18,063,850","$5,337,000","$3,500,000","$2,331,593",,,,,,,"$2,331,593"
319,Bismack Biyombo\biyombi01,Bismack Biyombo,CHO,"$2,814,000","$17,000,000","$17,000,000","$17,000,000","$17,000,000","$2,331,593",,,,,,Minimum Salary,"$2,331,593"
320,Hassan Whiteside\whiteha01,Hassan Whiteside,SAC,"$981,348","$22,116,750","$25,434,262","$25,434,262","$27,093,017","$2,320,044",,,,,,Minimum Salary,"$2,320,044"
321,Kent Bazemore\bazemke01,Kent Bazemore,GSW,"$2,000,000","$15,730,338","$18,089,887","$18,089,887","$19,269,662","$2,320,044",,,,,,Minimum Salary,"$2,320,044"
322,Alex Len\lenal01,Alex Len,TOR,"$3,807,120","$4,823,621","$4,187,599","$4,350,000","$4,160,000","$4,032,648",,,,,,,"$2,320,000"
323,Luke Kornet\kornelu01,Luke Kornet,CHI,#N/A,#N/A,#N/A,"$1,619,260","$2,250,000","$2,304,878",,,,,,Room Exception,"$2,304,878"
324,Ty Jerome\jeromty01,Ty Jerome,OKC,#N/A,#N/A,#N/A,#N/A,"$2,193,480","$2,303,040","$2,412,840","$4,220,057",,,,1st Round Pick,"$4,715,880"
325,Taj Gibson\gibsota01,Taj Gibson,NYK,"$8,500,000","$8,950,000","$14,000,000","$14,000,000","$9,000,000","$3,283,684",,,,,,Minimum Salary,"$1,000,000"
326,Mike Muscala\muscami01,Mike Muscala,OKC,"$947,276","$1,015,696","$5,000,000","$5,000,000","$2,028,594","$2,283,034",,,,,,Minimum Salary,"$2,283,034"
327,Ben McLemore\mclembe01,Ben McLemore,HOU,"$3,156,600","$4,008,882","$5,200,000","$5,460,000","$2,028,594","$2,283,034",,,,,,Minimum Salary,"$2,283,034"
328,Anfernee Simons\simonan01,Anfernee Simons,POR,#N/A,#N/A,#N/A,"$1,760,520","$2,149,560","$2,252,040","$3,938,818",,,,,1st Round Pick,"$6,190,858"
329,Brad Wanamaker\wanambr01,Brad Wanamaker,GSW,#N/A,#N/A,#N/A,"$838,464","$1,445,697","$2,250,000",,,,,,Mini MLE,"$2,250,000"
330,Monta Ellis\ellismo01,Monta Ellis,IND,"$10,300,000","$10,763,500","$11,227,000",#N/A,#N/A,"$2,245,400","$2,245,400",,,,,,"$4,490,800"
331,Nassir Little\littlna01,Nassir Little,POR,#N/A,#N/A,#N/A,#N/A,"$2,105,520","$2,210,640","$2,316,240","$4,171,548",,,,1st Round Pick,"$4,526,880"
332,R.J. Hampton\hamptrj01,R.J. Hampton,DEN,#N/A,#N/A,#N/A,#N/A,#N/A,"$2,193,480","$2,303,040","$2,412,840","$4,220,057",,,1st Round Pick,"$4,496,520"
333,Matthew Dellavedova\dellama01,Matthew Dellavedova,CLE,"$1,147,276","$9,607,500","$9,607,500","$9,607,500","$9,607,500","$2,174,318",,,,,,Minimum Salary,"$2,174,318"
334,Solomon Hill\hillso01,Solomon Hill,ATL,"$1,358,880","$11,241,218","$12,236,535","$12,252,928","$12,758,781","$2,174,318",,,,,,Cap Space,"$2,174,318"
335,Moritz Wagner\wagnemo01,Moritz Wagner,WAS,#N/A,#N/A,#N/A,"$1,762,080","$2,063,520","$2,161,920",,,,,,1st Round Pick,"$2,161,920"
336,Edmond Sumner\sumneed01,Edmond Sumner,IND,#N/A,#N/A,#N/A,#N/A,"$2,000,000","$2,160,000","$2,320,000",,,,,Cap Space,"$2,160,000"
337,Dylan Windler\windldy01,Dylan Windler,CLE,#N/A,#N/A,#N/A,#N/A,"$2,035,800","$2,137,440","$2,239,200","$4,037,278",,,,1st Round Pick,"$4,376,640"
338,Immanuel Quickley\quickim01,Immanuel Quickley,NYK,#N/A,#N/A,#N/A,#N/A,#N/A,"$2,105,520","$2,210,640","$2,316,240","$4,171,548",,,1st Round Pick,"$4,316,160"
339,John Konchar\konchjo01,John Konchar,MEM,#N/A,#N/A,#N/A,#N/A,#N/A,"$2,093,023","$2,197,674","$2,302,326","$2,406,977",,,MLE,"$9,000,000"
340,Landry Shamet\shamela01,Landry Shamet,BRK,#N/A,#N/A,#N/A,"$1,703,649","$1,995,120","$2,090,040","$3,768,342",,,,,1st Round Pick,"$5,858,382"
341,Mfiondu Kabengele\kabenmf01,Mfiondu Kabengele,LAC,#N/A,#N/A,#N/A,#N/A,"$1,977,000","$2,075,880",,,,,,1st Round Pick,"$2,075,880"
342,Jordan Poole\poolejo01,Jordan Poole,GSW,#N/A,#N/A,#N/A,#N/A,"$1,964,760","$2,063,280","$2,161,440","$3,901,399",,,,1st Round Pick,"$4,224,720"
343,Bol Bol\bolbo01,Bol Bol,DEN,#N/A,#N/A,#N/A,#N/A,#N/A,"$2,058,240","$2,161,152",,,,,MLE,"$4,219,392"
344,Keldon Johnson\johnske04,Keldon Johnson,SAS,#N/A,#N/A,#N/A,#N/A,"$1,950,600","$2,048,040","$2,145,720","$3,873,025",,,,1st Round Pick,"$4,193,760"
345,Payton Pritchard\pritcpa01,Payton Pritchard,BOS,#N/A,#N/A,#N/A,#N/A,#N/A,"$2,035,800","$2,137,440","$2,239,200","$4,037,278",,,1st Round Pick,"$4,173,240"
346,Kevin Porter Jr.\porteke02,Kevin Porter Jr.,HOU,#N/A,#N/A,#N/A,#N/A,"$1,290,960","$2,033,160","$2,130,240","$3,845,083",,,,1st Round Pick,"$4,163,400"
347,Robert Williams\williro04,Robert Williams,BOS,#N/A,#N/A,#N/A,#N/A,#N/A,"$2,029,920","$3,661,976",,,,,1st Round Pick,"$5,691,896"
348,Langston Galloway\gallola01,Langston Galloway,PHO,"$845,059","$5,200,000","$7,000,000","$7,000,000","$7,333,333","$2,028,594",,,,,,Minimum Salary,"$2,028,594"
349,Tyler Johnson\johnsty01,Tyler Johnson,BRK,"$845,059","$5,628,000","$19,245,370","$19,356,932",#N/A,"$2,028,594",,,,,,Minimum Salary,"$2,028,594"
350,Jacob Evans\evansja02,Jacob Evans,NYK,#N/A,#N/A,#N/A,"$1,644,240","$1,925,880","$2,017,320",,,,,,,"$2,017,320"
351,Théo Maledon\maledth01,Theo Maledon,OKC,#N/A,#N/A,#N/A,#N/A,#N/A,"$2,000,000","$2,000,000","$1,900,000","$1,930,681",,,MLE,"$4,000,000"
352,Kenrich Williams\willike04,Kenrich Williams,OKC,#N/A,#N/A,#N/A,"$838,464","$1,416,852","$2,000,000","$2,000,000","$2,000,000",,,,Sign and Trade,"$2,000,000"
353,Damyean Dotson\dotsoda01,Damyean Dotson,CLE,#N/A,#N/A,"$1,378,242","$1,378,242","$1,618,520","$2,000,000","$2,000,000",,,,,MLE,"$2,000,000"
354,Omari Spellman\spellom01,Omari Spellman,NYK,#N/A,#N/A,#N/A,"$1,620,480","$1,897,800","$1,988,280",,,,,,,"$1,988,280"
355,Cameron Payne\payneca01,Cameron Payne,PHO,"$2,021,520","$2,112,480","$3,263,294","$3,263,294","$1,737,145","$1,977,011",,,,,,Minimum Salary,"$1,977,011"
356,Udoka Azubuike\azubuud01,Udoka Azubuike,UTA,#N/A,#N/A,#N/A,#N/A,#N/A,"$1,977,000","$2,075,880","$2,174,880","$3,923,484",,,1st Round Pick,"$4,052,880"
357,Jaden McDaniels\mcdanja02,Jaden McDaniels,MIN,#N/A,#N/A,#N/A,#N/A,#N/A,"$1,964,760","$2,063,280","$2,161,440","$3,901,399",,,1st Round Pick,"$4,028,040"
358,Malachi Flynn\flynnma01,Malachi Flynn,TOR,#N/A,#N/A,#N/A,#N/A,#N/A,"$1,950,600","$2,048,040","$2,145,720","$3,873,025",,,1st Round Pick,"$3,998,640"
359,Gary Clark\clarkga01,Gary Clark,ORL,#N/A,#N/A,#N/A,"$596,873","$555,409","$1,944,677","$2,041,911",,,,,Non Bird,"$3,986,588"
360,Desmond Bane\banede01,Desmond Bane,MEM,#N/A,#N/A,#N/A,#N/A,#N/A,"$1,936,440","$2,033,160","$2,130,240","$3,845,083",,,1st Round Pick,"$3,969,600"
361,Anderson Varejão\varejan01,Anderson Varejao,POR,#N/A,#N/A,#N/A,#N/A,#N/A,"$1,913,345",,,,,,,"$1,913,345"
362,Jontay Porter\portejo01,Jontay Porter,MEM,#N/A,#N/A,#N/A,#N/A,#N/A,"$1,904,762","$2,000,000","$2,095,238",,,,MLE,"$6,000,000"
363,Jahlil Okafor\okafoja01,Jahlil Okafor,DET,"$4,582,680","$4,788,840",#N/A,"$1,567,707","$1,702,486","$1,882,867","$2,130,023",,,,,Minimum Salary,"$4,012,890"
364,Raul Neto\netora01,Raul Neto,WAS,"$900,000","$937,800","$1,471,382","$2,150,000","$1,620,564","$1,882,867",,,,,,Minimum Salary,"$1,882,867"
365,JaKarr Sampson\sampsja02,JaKarr Sampson,IND,"$258,489","$980,431",#N/A,#N/A,"$1,620,564","$1,882,867",,,,,,Minimum Salary,"$1,882,867"
366,Jerian Grant\grantje02,Jerian Grant,HOU,"$1,572,360","$1,643,040","$2,639,314","$2,639,314",#N/A,"$1,882,867",,,,,,,"$1,882,867"
367,Frank Kaminsky\kaminfr01,Frank Kaminsky,PHO,"$2,612,520","$2,730,000","$3,627,842","$3,627,842","$4,767,000","$1,882,867",,,,,,,
368,Larry Sanders\sandela01,Larry Sanders,MIL,#N/A,#N/A,#N/A,#N/A,#N/A,"$1,865,547","$1,865,547",,,,,,"$3,731,094"
369,David Nwaba\nwabada01,David Nwaba,HOU,#N/A,#N/A,#N/A,"$1,512,601","$903,111","$1,862,250",,,,,,MLE,"$1,862,250"
370,Marquese Chriss\chrisma01,Marquese Chriss,GSW,#N/A,"$2,941,440","$3,073,800","$3,206,160","$654,469","$1,824,003",,,,,,Minimum Salary,"$800,000"
371,Timothé Luwawu-Cabarrot\luwawti01,Timothe Luwawu-Cabarrot,BRK,#N/A,#N/A,#N/A,#N/A,#N/A,"$1,824,003",,,,,,,
372,Georges Niang\niangge01,Georges Niang,UTA,#N/A,"$650,000",#N/A,"$1,512,601","$1,645,357","$1,783,557",,,,,,,
373,Rodions Kurucs\kurucro01,Rodions Kurucs,HOU,#N/A,#N/A,#N/A,"$1,618,320","$1,699,236","$1,780,152","$1,861,068",,,,,Cap space,"$1,780,152"
374,Damion Lee\leeda03,Damion Lee,GSW,#N/A,#N/A,#N/A,#N/A,"$842,327","$1,762,796","$1,910,860",,,,,MLE,"$600,000"
375,Furkan Korkmaz\korkmfu01,Furkan Korkmaz,PHI,#N/A,#N/A,"$1,740,000","$1,740,000","$1,620,564","$1,762,796",,,,,,,
376,Alfonzo McKinnie\mckinal01,Alfonzo McKinnie,LAL,#N/A,#N/A,"$1,378,242","$1,349,383","$1,500,000","$1,762,796","$1,910,860","$2,165,298",,,,,
377,Abdel Nader\naderab01,Abdel Nader,PHO,#N/A,#N/A,"$1,167,333","$1,378,242","$1,618,520","$1,752,950",,,,,,Cap Space,"$1,752,950"
378,Semi Ojeleye\ojelese01,Semi Ojeleye,BOS,#N/A,#N/A,"$1,291,892","$1,378,242","$1,618,520","$1,752,950",,,,,,Cap space,"$1,752,950"
379,DeAndre' Bembry\bembrde01,DeAndre' Bembry,TOR,#N/A,"$1,499,760","$1,634,640","$1,634,640","$2,603,982","$1,737,145","$1,977,011",,,,,Minimum Salary,"$1,737,145"
380,Willy Hernangómez\hernawi01,Willy Hernangomez,NOP,#N/A,#N/A,#N/A,#N/A,#N/A,"$1,727,145",,,,,,Minimum Salary,"$700,000"
381,Alex Len\lenal01,Alex Len,WAS,"$3,807,120","$4,823,621","$4,187,599","$4,350,000","$4,160,000","$4,032,648",,,,,,,
382,Shake Milton\miltosh01,Shake Milton,PHI,#N/A,#N/A,#N/A,#N/A,"$1,455,697","$1,701,593","$1,846,738","$1,997,718",,,,Cap Space,"$3,548,331"
383,Thanasis Antetokounmpo\antetth01,Thanasis Antetokounmpo,MIL,#N/A,#N/A,#N/A,#N/A,"$1,445,697","$1,701,593",,,,,,Minimum Salary,"$1,701,593"
384,Brandon Goodwin\goodwbr01,Brandon Goodwin,ATL,#N/A,#N/A,#N/A,"$630,032","$522,738","$1,701,593",,,,,,,
385,Wesley Iwundu\iwundwe01,Wesley Iwundu,DAL,#N/A,#N/A,#N/A,#N/A,#N/A,"$1,678,854","$1,824,003",,,,,Minimum Salary,"$3,502,857"
386,Harry Giles\gilesha01,Harry Giles,POR,#N/A,#N/A,#N/A,#N/A,#N/A,"$1,678,854",,,,,,Minimum Salary,"$1,678,854"
387,Dwayne Bacon\bacondw01,Dwayne Bacon,ORL,#N/A,#N/A,"$1,378,242","$1,378,242","$1,618,520","$1,678,854","$1,824,003",,,,,Minimum Salary,"$1,678,854"
388,Torrey Craig\craigto01,Torrey Craig,MIL,#N/A,#N/A,#N/A,"$2,000,000","$2,000,000","$1,678,854",,,,,,Minimum Salary,"$1,678,854"
389,Sterling Brown\brownst02,Sterling Brown,HOU,#N/A,#N/A,"$1,378,242","$1,378,242","$1,618,520","$1,678,854",,,,,,Minimum Salary,"$1,678,854"
390,Monte Morris\morrimo01,Monte Morris,DEN,#N/A,#N/A,#N/A,"$1,349,383","$1,588,231","$1,663,861","$8,333,333","$9,000,000","$9,666,667",,,Minimum Salary,"$27,000,000"
391,Gary Trent Jr.\trentga02,Gary Trent Jr.,POR,#N/A,#N/A,#N/A,"$838,464","$1,416,852","$1,663,861",,,,,,MLE,"$1,663,861"
392,Hamidou Diallo\diallha01,Hamidou Diallo,OKC,#N/A,#N/A,#N/A,"$838,464","$1,416,852","$1,663,861",,,,,,MLE,"$1,663,861"
393,Mitchell Robinson\robinmi01,Mitchell Robinson,NYK,#N/A,#N/A,#N/A,"$1,485,440","$1,599,712","$1,663,861","$1,802,057",,,,,MLE,"$1,663,861"
394,Kendrick Nunn\nunnke01,Kendrick Nunn,MIA,#N/A,#N/A,#N/A,#N/A,"$1,416,852","$1,663,861",,,,,,Minimum Salary,"$1,663,861"
395,Duncan Robinson\robindu01,Duncan Robinson,MIA,#N/A,#N/A,#N/A,#N/A,"$1,416,852","$1,663,861",,,,,,MLE,"$1,663,861"
396,Sviatoslav Mykhailiuk\mykhasv01,Sviatoslav Mykhailiuk,DET,#N/A,#N/A,#N/A,#N/A,#N/A,"$1,663,861",,,,,,Cap Space,"$1,663,861"
397,Jalen Brunson\brunsja01,Jalen Brunson,DAL,#N/A,#N/A,#N/A,"$1,230,000","$1,416,852","$1,663,861","$1,802,057",,,,,Cap Space,"$1,663,861"
398,Isaac Bonga\bongais01,Isaac Bonga,WAS,#N/A,#N/A,#N/A,"$1,000,000","$1,416,842","$1,663,861",,,,,,,
399,Jarred Vanderbilt\vandeja01,Jarred Vanderbilt,MIN,#N/A,#N/A,#N/A,"$838,464","$1,416,852","$1,663,861",,,,,,,
400,Devonte' Graham\grahade01,Devonte' Graham,CHO,#N/A,#N/A,#N/A,"$988,464","$1,416,852","$1,663,861",,,,,,,
401,Bruce Brown\brownbr01,Bruce Brown,BRK,#N/A,#N/A,#N/A,"$838,464","$1,416,852","$1,663,861",,,,,,,
402,Drew Eubanks\eubandr01,Drew Eubanks,SAS,#N/A,#N/A,#N/A,#N/A,#N/A,"$1,620,564","$1,762,796","$1,910,860",,,,Minimum Salary,"$2,120,564"
403,Josh Gray\grayjo01,Josh Gray,OKC,#N/A,#N/A,#N/A,#N/A,#N/A,"$1,620,564",,,,,,,"$1,620,564"
404,Wenyen Gabriel\gabriwe01,Wenyen Gabriel,NOP,#N/A,#N/A,#N/A,#N/A,"$1,445,697","$1,620,564","$1,762,796",,,,,Minimum Salary,"$1,620,564"
405,Terance Mann\mannte01,Terance Mann,LAC,#N/A,#N/A,#N/A,#N/A,"$1,000,000","$1,517,984","$1,782,621","$1,930,681",,,,Minimum Salary,"$1,517,984"
406,KZ Okpala\okpalkz01,KZ Okpala,MIA,#N/A,#N/A,#N/A,#N/A,"$898,310","$1,517,981","$1,782,621",,,,,MLE,"$3,300,602"
407,Eric Paschall\pascher01,Eric Paschall,GSW,#N/A,#N/A,#N/A,#N/A,"$898,310","$1,517,981","$1,782,621",,,,,MLE,"$3,300,602"
408,Cody Martin\martico01,Cody Martin,CHO,#N/A,#N/A,#N/A,#N/A,"$1,173,310","$1,517,981","$1,782,621",,,,,MLE,"$3,300,602"
409,Nicolas Claxton\claxtni01,Nicolas Claxton,BRK,#N/A,#N/A,#N/A,#N/A,"$898,310","$1,517,981","$1,782,621",,,,,Minimum Salary,"$3,300,602"
410,Carsen Edwards\edwarca01,Carsen Edwards,BOS,#N/A,#N/A,#N/A,#N/A,"$1,228,026","$1,517,981","$1,782,621","$1,930,681",,,,Cap space,"$3,300,602"
411,Bruno Fernando\fernabr01,Bruno Fernando,ATL,#N/A,#N/A,#N/A,#N/A,"$1,400,000","$1,517,981","$1,782,621",,,,,Cap space,"$3,300,602"
412,Luguentz Dort\dortlu01,Luguentz Dort,OKC,#N/A,#N/A,#N/A,#N/A,#N/A,"$1,517,981","$1,782,621","$1,930,681",,,,Minimum Salary,"$2,142,981"
413,Admiral Schofield\schofad01,Admiral Schofield,OKC,#N/A,#N/A,#N/A,#N/A,"$1,000,000","$1,517,981","$300,000",,,,,,"$1,817,981"
414,Justin James\jamesju01,Justin James,SAC,#N/A,#N/A,#N/A,#N/A,"$898,310","$1,517,981","$1,782,621",,,,,Minimum Salary,"$1,517,981"
415,Isaiah Roby\robyis01,Isaiah Roby,OKC,#N/A,#N/A,#N/A,#N/A,"$1,500,000","$1,517,981","$1,782,621","$1,930,681",,,,MLE,"$1,517,981"
416,Ignas Brazdeikis\brazdig01,Ignas Brazdeikis,NYK,#N/A,#N/A,#N/A,#N/A,"$898,310","$1,517,981","$1,782,621",,,,,Minimum Salary,"$1,517,981"
417,Chris Silva\silvach01,Chris Silva,MIA,#N/A,#N/A,#N/A,#N/A,"$466,918","$1,517,981","$1,782,621",,,,,MLE,"$1,517,981"
418,Talen Horton-Tucker\hortota01,Talen Horton-Tucker,LAL,#N/A,#N/A,#N/A,#N/A,"$898,310","$1,517,981",,,,,,Minimum Salary,"$1,517,981"
419,Jalen Lecque\lecquja01,Jalen Lecque,IND,#N/A,#N/A,#N/A,#N/A,"$898,310","$1,517,981","$1,782,621","$1,930,681",,,,Cap Space,"$1,517,981"
420,Chris Clemons\clemoch01,Chris Clemons,HOU,#N/A,#N/A,#N/A,#N/A,"$563,347","$1,517,981",,,,,,,"$1,517,981"
421,Daniel Gafford\gaffoda01,Daniel Gafford,CHI,#N/A,#N/A,#N/A,#N/A,"$898,310","$1,517,981","$1,782,621","$1,930,681",,,,Minimum Salary,"$1,517,981"
422,Alen Smailagić\smailal01,Alen Smailagic,GSW,#N/A,#N/A,#N/A,#N/A,#N/A,"$1,517,981","$1,782,621","$1,930,681",,,,MLE,"$1,517,581"
423,Matt Thomas\thomama02,Matt Thomas,TOR,#N/A,#N/A,#N/A,#N/A,"$898,310","$1,517,981","$1,782,621",,,,,MLE,"$725,000"
424,Miye Oni\onimi01,Miye Oni,UTA,#N/A,#N/A,#N/A,#N/A,"$898,310","$1,517,981","$1,782,621",,,,,,
425,Terence Davis\daviste02,Terence Davis,TOR,#N/A,#N/A,#N/A,#N/A,"$898,310","$1,517,981",,,,,,,
426,Naz Reid\reidna01,Naz Reid,MIN,#N/A,#N/A,#N/A,#N/A,"$898,310","$1,517,981","$1,782,621","$1,930,681",,,,,
427,Jaylen Nowell\nowelja01,Jaylen Nowell,MIN,#N/A,#N/A,#N/A,#N/A,"$1,400,000","$1,517,981","$1,782,621","$1,930,681",,,,,
428,Mychal Mulder\muldemy01,Mychal Mulder,GSW,#N/A,#N/A,#N/A,#N/A,#N/A,"$1,517,981","$1,782,621",,,,,,
429,Dean Wade\wadede01,Dean Wade,CLE,#N/A,#N/A,#N/A,#N/A,#N/A,"$1,517,981","$1,782,621","$1,930,681",,,,,
430,Jalen McDaniels\mcdanja01,Jalen McDaniels,CHO,#N/A,#N/A,#N/A,#N/A,"$898,310","$1,517,981","$1,782,621","$1,930,681",,,,,
431,Caleb Martin\martica02,Caleb Martin,CHO,#N/A,#N/A,#N/A,#N/A,"$898,310","$1,517,981","$1,782,621",,,,,,
432,Javonte Green\greenja02,Javonte Green,BOS,#N/A,#N/A,#N/A,#N/A,"$898,310","$1,517,981",,,,,,,
433,Robert Woodard\woodaro01,Robert Woodard,SAC,#N/A,#N/A,#N/A,#N/A,#N/A,"$1,500,000","$1,517,981","$1,782,621","$1,930,681",,,MLE,"$3,317,981"
434,J.R. Smith\smithjr01,J.R. Smith,CLE,#N/A,#N/A,#N/A,#N/A,#N/A,"$1,456,667","$1,456,666",,,,,,"$2,913,333"
435,Jae'Sean Tate\tateja01,Jae'Sean Tate,HOU,#N/A,#N/A,#N/A,#N/A,#N/A,"$1,445,967","$1,517,981","$1,782,621",,,,MLE,"$50,000"
436,DaQuan Jeffries\jeffrda01,DaQuan Jeffries,SAC,#N/A,#N/A,#N/A,#N/A,#N/A,"$1,445,697","$1,701,593",,,,,Minimum Salary,"$1,445,697"
437,Zylan Cheatham\cheatzy01,Zylan Cheatham,OKC,#N/A,#N/A,#N/A,#N/A,#N/A,"$1,445,697",,,,,,,"$1,445,697"
438,Isaiah Hartenstein\harteis01,Isaiah Hartenstein,DEN,#N/A,#N/A,#N/A,"$838,464","$1,416,852","$1,445,697","$1,701,593",,,,,Minimum Salary,"$1,445,697"
439,Zach Norvell\norveza01,Zach Norvell,CHI,#N/A,#N/A,#N/A,#N/A,#N/A,"$1,445,697",,,,,,,"$1,445,697"
440,Kelan Martin\martike03,Kelan Martin,IND,#N/A,#N/A,#N/A,#N/A,#N/A,"$1,445,697","$1,701,593",,,,,Minimum Salary,"$722,848"
441,Paul Watson\watsopa01,Paul Watson,TOR,#N/A,#N/A,#N/A,#N/A,#N/A,"$1,445,697","$1,701,593",,,,,Minimum Salary,"$350,000"
442,Vernon Carey Jr.\careyve01,Vernon Carey Jr.,CHO,#N/A,#N/A,#N/A,#N/A,#N/A,"$1,350,000","$1,517,981","$1,782,621","$1,930,681",,,Cap Space,"$4,650,602"
443,Xavier Tillman Sr.\tillmxa01,Xavier Tillman Sr.,MEM,#N/A,#N/A,#N/A,#N/A,#N/A,"$1,300,000","$1,517,981","$1,782,621","$1,930,681",,,MLE,"$4,600,602"
444,Tyrell Terry\terryty01,Tyrell Terry,DAL,#N/A,#N/A,#N/A,#N/A,#N/A,"$1,289,846","$1,517,981","$1,782,621","$1,930,681",,,MLE,"$4,590,448"
445,Guerschon Yabusele\yabusgu01,Guerschon Yabusele,BOS,#N/A,#N/A,"$2,247,480","$2,667,600",#N/A,"$1,039,080","$1,039,080",,,,,,"$2,078,160"
446,Elfrid Payton\paytoel01,Elfrid Payton,NYK,"$2,505,720","$2,613,600","$3,332,340","$3,000,000","$8,000,000","$5,760,000",,,,,,,"$5,760,000"
447,Jahmi'us Ramsey\ramseja01,Jahmi'us Ramsey,SAC,#N/A,#N/A,#N/A,#N/A,#N/A,"$1,000,000","$1,517,981","$1,782,621",,,,MLE,"$2,517,981"
448,Quinn Cook\cookqu01,Quinn Cook,LAL,#N/A,#N/A,"$1,544,951","$1,544,951","$3,000,000","$1,797,183",,,,,,,"$1,797,183"
449,Taj Gibson\gibsota01,Taj Gibson,NYK,"$8,500,000","$8,950,000","$14,000,000","$14,000,000","$9,000,000","$3,283,684",,,,,,,"$1,000,000"
450,Nick Richards\richani01,Nick Richards,CHO,#N/A,#N/A,#N/A,#N/A,#N/A,"$1,000,000",,,,,,Cap Space,"$1,000,000"
451,Kyle Singler\singlky01,Kyle Singler,OKC,"$4,500,000","$4,837,500","$4,666,500","$4,996,000","$4,996,000","$999,200","$999,200","$999,200",,,,,"$2,997,600"
452,Glenn Robinson III\robingl02,Glenn Robinson III,SAC,"$1,100,000","$1,050,500",#N/A,"$4,075,000","$1,620,564","$930,930",,,,,,,"$930,930"
453,Deividas Sirvydis\sirvyde01,Deividas Sirvydis,DET,#N/A,#N/A,#N/A,#N/A,#N/A,"$898,310","$1,517,981","$1,782,621",,,,Cap Space,"$4,198,912"
454,Elijah Hughes\hugheel01,Elijah Hughes,UTA,#N/A,#N/A,#N/A,#N/A,#N/A,"$898,310","$1,517,981",,,,,Minimum Salary,"$2,416,291"
455,Tre Jones\jonestr01,Tre Jones,SAS,#N/A,#N/A,#N/A,#N/A,#N/A,"$898,310","$1,517,981","$1,782,621",,,,MLE,"$2,416,291"
456,CJ Elleby\ellebcj01,CJ Elleby,POR,#N/A,#N/A,#N/A,#N/A,#N/A,"$898,310","$1,517,981",,,,,Minimum Salary,"$2,416,291"
457,Isaiah Joe\joeis01,Isaiah Joe,PHI,#N/A,#N/A,#N/A,#N/A,#N/A,"$898,310","$1,517,981","$1,782,621",,,,MLE,"$2,416,291"
458,Jordan Nwora\nworajo01,Jordan Nwora,MIL,#N/A,#N/A,#N/A,#N/A,#N/A,"$898,310","$1,517,981",,,,,Minimum Salary,"$2,416,291"
459,Daniel Oturu\oturuda01,Daniel Oturu,LAC,#N/A,#N/A,#N/A,#N/A,#N/A,"$898,310","$1,517,981",,,,,Minimum Salary,"$2,416,291"
460,Sam Merrill\merrisa01,Sam Merrill,MIL,#N/A,#N/A,#N/A,#N/A,#N/A,"$898,310","$1,517,981",,,,,Minimum Salary,"$1,398,310"
461,Anthony Gill\gillan01,Anthony Gill,WAS,#N/A,#N/A,#N/A,#N/A,#N/A,"$898,310","$1,517,981",,,,,Minimum Salary,"$898,310"
462,Kenyon Martin Jr.\martike04,Kenyon Martin Jr.,HOU,#N/A,#N/A,#N/A,#N/A,#N/A,"$898,310","$1,517,981","$1,782,621","$1,930,681",,,MLE,"$898,310"
463,Vlatko Čančar\cancavl01,Vlatko Cancar,DEN,#N/A,#N/A,#N/A,#N/A,#N/A,"$898,310","$1,782,621",,,,,MLE,"$898,310"
464,Quinn Cook\cookqu01,Quinn Cook,LAL,#N/A,#N/A,"$1,544,951","$1,544,951","$3,000,000","$1,797,183",,,,,,,"$1,797,183"
465,Damian Jones\jonesda03,Damian Jones,PHO,#N/A,"$1,171,560","$1,312,611","$1,544,951","$2,305,057","$785,285",,,,,,,"$785,285"
466,Shaquille Harrison\harrish01,Shaquille Harrison,UTA,#N/A,"$543,471",#N/A,"$1,311,265","$1,620,564","$770,433",,,,,,,"$770,433"
467,Sindarius Thornwell\thornsi01,Sindarius Thornwell,NOP,#N/A,#N/A,"$815,615","$1,378,242",#N/A,"$747,435",,,,,,,"$747,435"
468,Khyri Thomas\thomakh01,Khyri Thomas,ATL,#N/A,#N/A,#N/A,"$838,464","$1,416,852","$744,684",,,,,,,"$744,684"
469,Patrick Patterson\pattepa01,Patrick Patterson,OKC,"$6,268,675","$6,050,000","$5,192,000","$5,451,600","$1,620,564","$3,814,768","$737,066",,,,,,"$1,474,133"
470,Cole Aldrich\aldrico01,Cole Aldrich,MIN,"$1,100,602","$7,643,979","$7,300,000",#N/A,#N/A,"$685,340",,,,,,,"$685,340"
471,Shaun Livingston\livinsh01,Shaun Livingston,GSW,"$5,543,725","$5,782,450","$7,692,308","$8,307,692",#N/A,"$666,667","$1,333,332",,,,,,"$1,999,999"
472,Dakari Johnson\johnsda04,Dakari Johnson,MEM,#N/A,#N/A,"$815,615","$1,378,242","$1,378,242","$459,414",,,,,,,"$459,414"
473,Iman Shumpert\shumpim01,Iman Shumpert,BRK,"$8,988,765","$9,662,922","$10,337,079","$11,011,234","$1,419,138","$447,155",,,,,,,"$447,155"
474,Wayne Ellington\ellinwa01,Wayne Ellington,NYK,"$1,500,000","$6,000,000",#N/A,"$2,383,076","$8,000,000","$3,005,225",,,,,,,"$440,472"
475,Bruno Caboclo\cabocbr01,Bruno Caboclo,HOU,"$1,524,000","$1,589,640","$2,451,225","$522,151","$1,845,301","$361,256",,,,,,,"$361,256"
476,A.J. Hammons\hammoaj01,A.J. Hammons,MIA,#N/A,#N/A,#N/A,#N/A,#N/A,"$350,087",,,,,,,"$350,087"
477,Anžejs Pasečņiks\pasecan01,Anzejs Pasecniks,WAS,#N/A,#N/A,#N/A,#N/A,#N/A,"$350,000",,,,,,,"$350,000"
478,Rayjon Tucker\tuckera01,Rayjon Tucker,CLE,#N/A,#N/A,#N/A,#N/A,"$578,573","$340,000",,,,,,,"$340,000"
479,Thon Maker\makerth01,Thon Maker,CLE,#N/A,"$2,568,600","$2,799,720","$2,799,720","$3,569,643","$309,355",,,,,,,"$309,355"
480,Oshae Brissett\brissos01,Oshae Brissett,TOR,#N/A,#N/A,#N/A,#N/A,#N/A,"$300,000",,,,,,,"$300,000"
481,Noah Vonleh\vonleno01,Noah Vonleh,BRK,"$2,637,720","$2,751,360",#N/A,"$1,512,601","$2,000,000","$263,995",,,,,,,"$263,995"
482,Frank Jackson\jacksfr01,Frank Jackson,OKC,#N/A,#N/A,"$815,615","$1,378,242","$1,618,520",,,,,,,,"$250,000"
483,Norvel Pelle\pelleno01,Norvel Pelle,BRK,#N/A,#N/A,#N/A,#N/A,"$350,189","$217,845",,,,,,,"$217,845"
484,Andre Roberson\roberan03,Andre Roberson,BRK,"$1,210,800","$2,183,072","$9,259,260","$10,000,000","$10,740,740","$152,839",,,,,,,"$152,839"
485,Justin Anderson\anderju01,Justin Anderson,PHI,"$1,449,000","$1,514,160","$2,516,048","$2,516,048",#N/A,"$125,000",,,,,,,"$125,000"
486,Troy Williams\willitr02,Troy Williams,HOU,#N/A,#N/A,"$1,544,951","$1,512,601",#N/A,"$122,741","$122,741","$122,741",,,,,"$368,223"
487,Demetrius Jackson\jacksde01,Demetrius Jackson,BOS,#N/A,"$1,450,000",#N/A,#N/A,#N/A,"$92,857","$92,857","$92,857","$92,857",,,,"$371,428"
488,Henry Ellenson\ellenhe01,Henry Ellenson,TOR,#N/A,"$1,704,120","$1,857,480","$341,831",#N/A,"$50,000",,,,,,,"$50,000"
489,Chimezie Metu\metuch01,Chimezie Metu,SAC,#N/A,#N/A,#N/A,"$838,464","$1,416,852",,,,,,,,"$50,000"
